InvEventFK,InvName,InvCount
invHDfor-SL12-008-sep,Ablabesmyia,3
invHDfor-SL12-011-sep,Ablabesmyia,1
invHDfor-SL12-021-sep,Ablabesmyia,1
invHDfor-SL12-022-sep,Ablabesmyia,11
invHDfor-SL12-023-sep,Ablabesmyia,2
invHDfor-SL12-030-sep,Ablabesmyia,5
invHDfor-SL12-044-sep,Ablabesmyia,2
invSWfor-SL12-978-sep,Ablabesmyia,1
invPPfor-SL12-012-sep,Ablabesmyia annulata,3
invPPfor-SL12-014-sep,Ablabesmyia annulata,1
invPPfor-SL12-018-sep,Ablabesmyia annulata,6
invPPfor-SL12-030-sep,Ablabesmyia annulata,1
invPPfor-SL12-033-sep,Ablabesmyia annulata,2
invPPfor-SL12-036-sep,Ablabesmyia annulata,2
invPPfor-SL12-046-sep,Ablabesmyia annulata,1
invPPfor-SL12-060-sep,Ablabesmyia annulata,1
invPPfor-SL12-062-sep,Ablabesmyia annulata,1
invPPfor-SL12-070-sep,Ablabesmyia annulata,1
invHDfor-SL12-008-sep,Ablabesmyia mallochi,3
invHDfor-SL12-011-sep,Ablabesmyia mallochi,2
invHDfor-SL12-014-sep,Ablabesmyia mallochi,4
invHDfor-SL12-017-sep,Ablabesmyia mallochi,2
invHDfor-SL12-021-sep,Ablabesmyia mallochi,1
invHDfor-SL12-022-sep,Ablabesmyia mallochi,1
invHDfor-SL12-023-sep,Ablabesmyia mallochi,5
invHDfor-SL12-034-sep,Ablabesmyia mallochi,2
invHDfor-SL12-044-sep,Ablabesmyia mallochi,1
invHDfor-SL12-053-sep,Ablabesmyia mallochi,2
invHDfor-SL12-057-sep,Ablabesmyia mallochi,2
invPPfor-SL12-024-sep,Ablabesmyia mallochi,1
invSWfor-SL12-053-sep,Ablabesmyia mallochi,1
invSWfor-SL12-130-sep,Ablabesmyia mallochi,2
invSWfor-SL12-191-sep,Ablabesmyia mallochi,1
invPPfor-SL12-012-sep,Ablabesmyia monilis,1
invSWfor-SL12-053-sep,Ablabesmyia monilis,4
invSWfor-SL12-096-sep,Ablabesmyia monilis,5
invSWfor-SL12-121-sep,Ablabesmyia monilis,2
invSWfor-SL12-445-sep,Ablabesmyia monilis,1
invSWfor-SL12-978-sep,Ablabesmyia monilis,5
invHDfor-SL12-021-sep,Acariformes,49
invHDfor-SL12-023-sep,Acariformes,1
invHDfor-SL12-044-sep,Acariformes,1
invHDfor-SL12-057-sep,Acariformes,14
invPPfor-SL12-006-sep,Acariformes,1
invPPfor-SL12-008-sep,Acariformes,1
invPPfor-SL12-018-sep,Acariformes,1
invPPfor-SL12-019-sep,Acariformes,1
invPPfor-SL12-025-sep,Acariformes,1
invPPfor-SL12-061-sep,Acariformes,1
invSWfor-SL12-053-sep,Acariformes,5
invSWfor-SL12-060-sep,Acariformes,1
invSWfor-SL12-101-sep,Acariformes,2
invSWfor-SL12-121-sep,Acariformes,7
invSWfor-SL12-191-sep,Acariformes,6
invSWfor-SL12-445-sep,Acariformes,1
invSWfor-SL12-445-sep,Acentria,2
invSWfor-SL12-096-sep,Acricotopus,16
invHDfor-SL12-010-sep,Agraylea,1
invHDfor-SL12-017-sep,Agraylea,3
invSWfor-SL12-096-sep,Agraylea,12
invSWfor-SL12-191-sep,Agraylea,1
invSWfor-SL12-445-sep,Agraylea,5
invSWfor-SL12-012-sep,Alboglossiphonia heteroclita,1
invSWfor-SL12-096-sep,Alboglossiphonia heteroclita,3
invSWfor-SL12-121-sep,Alboglossiphonia heteroclita,2
invPPfor-SL12-030-sep,Amnicola,1
invPPfor-SL12-022-sep,Amnicola limosa,1
invPPfor-SL12-032-sep,Amnicola limosa,1
invSWfor-SL12-012-sep,Amnicola limosa,5
invSWfor-SL12-060-sep,Amnicola limosa,15
invSWfor-SL12-096-sep,Amnicola limosa,13
invSWfor-SL12-101-sep,Amnicola limosa,97
invSWfor-SL12-121-sep,Amnicola limosa,120
invSWfor-SL12-130-sep,Amnicola limosa,66
invSWfor-SL12-191-sep,Amnicola limosa,17
invSWfor-SL12-444-sep,Amnicola limosa,4
invSWfor-SL12-978-sep,Amnicola limosa,103
invHDfor-SL12-010-sep,Amphipoda,3
invHDfor-SL12-018-sep,Amphipoda,9
invSWfor-SL12-121-sep,Anax,2
invSWfor-SL12-012-sep,Anax junius,1
invSWfor-SL12-096-sep,Anax junius,3
invSWfor-SL12-191-sep,Anax junius,4
invSWfor-SL12-444-sep,Anax junius,1
invSWfor-SL12-445-sep,Anax junius,1
invSWfor-SL12-053-sep,Ancylidae,1
invSWfor-SL12-101-sep,Ancylidae,57
invSWfor-SL12-121-sep,Ancylidae,13
invSWfor-SL12-445-sep,Ancylidae,11
invHDfor-SL12-034-sep,Arcteonais lomondi,1
invSWfor-SL12-012-sep,Arcteonais lomondi,1
invSWfor-SL12-060-sep,Arcteonais lomondi,4
invPPfor-SL12-013-sep,Arrenurus,1
invSWfor-SL12-011-sep,Arrenurus,1
invSWfor-SL12-096-sep,Arrenurus,21
invSWfor-SL12-101-sep,Arrenurus,43
invSWfor-SL12-121-sep,Arrenurus,3
invSWfor-SL12-978-sep,Arrenurus,3
invPPfor-SL12-012-sep,Aulodrilus americanus,1
invPPfor-SL12-014-sep,Aulodrilus americanus,1
invPPfor-SL12-016-sep,Aulodrilus americanus,4
invPPfor-SL12-017-sep,Aulodrilus americanus,1
invPPfor-SL12-018-sep,Aulodrilus americanus,1
invPPfor-SL12-023-sep,Aulodrilus americanus,5
invPPfor-SL12-025-sep,Aulodrilus americanus,1
invPPfor-SL12-034-sep,Aulodrilus americanus,1
invPPfor-SL12-045-sep,Aulodrilus americanus,2
invPPfor-SL12-004-sep,Aulodrilus limnobius,4
invPPfor-SL12-006-sep,Aulodrilus limnobius,1
invPPfor-SL12-016-sep,Aulodrilus limnobius,2
invPPfor-SL12-025-sep,Aulodrilus limnobius,3
invPPfor-SL12-056-sep,Aulodrilus limnobius,3
invSWfor-SL12-012-sep,Aulodrilus limnobius,1
invSWfor-SL12-053-sep,Aulodrilus limnobius,1
invSWfor-SL12-096-sep,Aulodrilus limnobius,1
invSWfor-SL12-101-sep,Aulodrilus limnobius,2
invSWfor-SL12-191-sep,Aulodrilus limnobius,1
invPPfor-SL12-009-sep,Aulodrilus pigueti,2
invPPfor-SL12-016-sep,Aulodrilus pigueti,6
invPPfor-SL12-029-sep,Aulodrilus pigueti,1
invPPfor-SL12-032-sep,Aulodrilus pigueti,1
invPPfor-SL12-045-sep,Aulodrilus pigueti,1
invPPfor-SL12-046-sep,Aulodrilus pigueti,20
invPPfor-SL12-052-sep,Aulodrilus pigueti,23
invPPfor-SL12-056-sep,Aulodrilus pigueti,3
invPPfor-SL12-062-sep,Aulodrilus pigueti,1
invSWfor-SL12-096-sep,Aulodrilus pigueti,6
invSWfor-SL12-101-sep,Aulodrilus pigueti,1
invPPfor-SL12-001-sep,Aulodrilus pluriseta,1
invPPfor-SL12-009-sep,Aulodrilus pluriseta,3
invPPfor-SL12-012-sep,Aulodrilus pluriseta,1
invPPfor-SL12-016-sep,Aulodrilus pluriseta,2
invPPfor-SL12-025-sep,Aulodrilus pluriseta,3
invPPfor-SL12-051-sep,Aulodrilus pluriseta,11
invPPfor-SL12-062-sep,Aulodrilus pluriseta,19
invSWfor-SL12-012-sep,Aulodrilus pluriseta,1
invSWfor-SL12-053-sep,Aulodrilus pluriseta,2
invSWfor-SL12-011-sep,Baetidae,1
invSWfor-SL12-060-sep,Baetidae,5
invSWfor-SL12-063-sep,Baetidae,1
invSWfor-SL12-096-sep,Baetidae,6
invSWfor-SL12-101-sep,Baetidae,5
invSWfor-SL12-444-sep,Baetidae,3
invHDfor-SL12-017-sep,Baetis flavistriga,2
invSWfor-SL12-444-sep,Belostoma,1
invSWfor-SL12-445-sep,Belostoma,2
invSWfor-SL12-101-sep,Belostoma flumineum,4
invSWfor-SL12-191-sep,Belostoma flumineum,1
invSWfor-SL12-096-sep,Bezzia/Palpomyia,5
invSWfor-SL12-445-sep,Bezzia/Palpomyia,1
invSWfor-SL12-012-sep,Bithynia tentaculata,1
invSWfor-SL12-096-sep,Bithynia tentaculata,71
invSWfor-SL12-101-sep,Bithynia tentaculata,1
invSWfor-SL12-121-sep,Bithynia tentaculata,384
invSWfor-SL12-191-sep,Bithynia tentaculata,1
invSWfor-SL12-096-sep,Bivalvia,1
invSWfor-SL12-101-sep,Bivalvia,49
invSWfor-SL12-445-sep,Bivalvia,23
invSWfor-SL12-978-sep,Brachycera,2
invSWfor-SL12-130-sep,Bryozoa,0
invPPfor-SL12-007-sep,Caecidotea,2
invPPfor-SL12-044-sep,Caecidotea,1
invSWfor-SL12-012-sep,Caecidotea,2
invSWfor-SL12-018-sep,Caecidotea,1
invSWfor-SL12-060-sep,Caecidotea,1
invSWfor-SL12-096-sep,Caecidotea,186
invSWfor-SL12-101-sep,Caecidotea,3
invSWfor-SL12-121-sep,Caecidotea,214
invSWfor-SL12-978-sep,Caecidotea,1
invHDfor-SL12-030-sep,Caenidae,1
invHDfor-SL12-008-sep,Caenis,7
invHDfor-SL12-010-sep,Caenis,1
invHDfor-SL12-011-sep,Caenis,1
invHDfor-SL12-014-sep,Caenis,3
invHDfor-SL12-021-sep,Caenis,2
invHDfor-SL12-022-sep,Caenis,25
invHDfor-SL12-023-sep,Caenis,4
invHDfor-SL12-030-sep,Caenis,1
invHDfor-SL12-033-sep,Caenis,3
invHDfor-SL12-044-sep,Caenis,3
invHDfor-SL12-053-sep,Caenis,4
invHDfor-SL12-057-sep,Caenis,1
invHDfor-SL12-060-sep,Caenis,3
invPPfor-SL12-018-sep,Caenis,1
invSWfor-SL12-096-sep,Caenis,80
invSWfor-SL12-101-sep,Caenis,30
invSWfor-SL12-121-sep,Caenis,17
invSWfor-SL12-130-sep,Caenis,1
invSWfor-SL12-191-sep,Caenis,21
invSWfor-SL12-557-sep,Caenis,4
invSWfor-SL12-978-sep,Caenis,1
invHDfor-SL12-022-sep,Caenis diminuta,1
invHDfor-SL12-023-sep,Caenis diminuta,3
invHDfor-SL12-022-sep,Caenis hilaris,1
invHDfor-SL12-023-sep,Caenis hilaris,1
invHDfor-SL12-033-sep,Caenis hilaris,1
invPPfor-SL12-012-sep,Caenis latipennis,1
invPPfor-SL12-017-sep,Caenis latipennis,1
invPPfor-SL12-022-sep,Caenis latipennis,1
invPPfor-SL12-024-sep,Caenis latipennis,1
invPPfor-SL12-062-sep,Caenis latipennis,1
invPPfor-SL12-070-sep,Caenis latipennis,4
invSWfor-SL12-012-sep,Caenis latipennis,1
invSWfor-SL12-053-sep,Caenis latipennis,21
invSWfor-SL12-121-sep,Caenis latipennis,19
invSWfor-SL12-444-sep,Caenis latipennis,1
invHDfor-SL12-033-sep,Caenis tardata,1
invHDfor-SL12-034-sep,Caenis tardata,1
invSWfor-SL12-121-sep,Caenis youngi,4
invSWfor-SL12-101-sep,Callibaetis,12
invSWfor-SL12-096-sep,Centroptilum,1
invSWfor-SL12-121-sep,Centroptilum,17
invSWfor-SL12-191-sep,Centroptilum,6
invSWfor-SL12-444-sep,Centroptilum,1
invSWfor-SL12-096-sep,Ceratopogon,8
invSWfor-SL12-096-sep,Ceratopogonidae,1
invHDfor-SL12-017-sep,Ceratopsyche walkeri,6
invSWfor-SL12-096-sep,Chaetogaster,11
invSWfor-SL12-101-sep,Chaetogaster,5
invSWfor-SL12-053-sep,Chaetogaster diaphanus,18
invPPfor-SL12-002-sep,Chaoborus,8
invPPfor-SL12-003-sep,Chaoborus,16
invPPfor-SL12-004-sep,Chaoborus,4
invPPfor-SL12-006-sep,Chaoborus,12
invPPfor-SL12-008-sep,Chaoborus,8
invPPfor-SL12-009-sep,Chaoborus,1
invPPfor-SL12-010-sep,Chaoborus,4
invPPfor-SL12-011-sep,Chaoborus,4
invPPfor-SL12-013-sep,Chaoborus,2
invPPfor-SL12-015-sep,Chaoborus,3
invPPfor-SL12-016-sep,Chaoborus,1
invPPfor-SL12-019-sep,Chaoborus,3
invPPfor-SL12-020-sep,Chaoborus,3
invPPfor-SL12-023-sep,Chaoborus,1
invPPfor-SL12-025-sep,Chaoborus,1
invPPfor-SL12-026-sep,Chaoborus,4
invPPfor-SL12-029-sep,Chaoborus,1
invPPfor-SL12-033-sep,Chaoborus,8
invPPfor-SL12-035-sep,Chaoborus,26
invPPfor-SL12-036-sep,Chaoborus,12
invPPfor-SL12-039-sep,Chaoborus,2
invPPfor-SL12-041-sep,Chaoborus,1
invPPfor-SL12-043-sep,Chaoborus,8
invPPfor-SL12-045-sep,Chaoborus,1
invPPfor-SL12-046-sep,Chaoborus,2
invPPfor-SL12-047-sep,Chaoborus,2
invPPfor-SL12-048-sep,Chaoborus,1
invPPfor-SL12-049-sep,Chaoborus,2
invPPfor-SL12-051-sep,Chaoborus,1
invPPfor-SL12-056-sep,Chaoborus,3
invPPfor-SL12-059-sep,Chaoborus,1
invPPfor-SL12-060-sep,Chaoborus,3
invPPfor-SL12-062-sep,Chaoborus,2
invPPfor-SL12-066-sep,Chaoborus,8
invPPfor-SL12-073-sep,Chaoborus,1
invSWfor-SL12-060-sep,Chaoborus,4
invSWfor-SL12-063-sep,Chaoborus,1
invHDfor-SL12-014-sep,Chironomidae,3
invHDfor-SL12-017-sep,Chironomidae,2
invHDfor-SL12-022-sep,Chironomidae,74
invHDfor-SL12-023-sep,Chironomidae,8
invHDfor-SL12-044-sep,Chironomidae,1
invHDfor-SL12-060-sep,Chironomidae,2
invPPfor-SL12-005-sep,Chironomidae,1
invPPfor-SL12-015-sep,Chironomidae,1
invSWfor-SL12-012-sep,Chironomidae,3
invSWfor-SL12-053-sep,Chironomidae,2
invSWfor-SL12-096-sep,Chironomidae,8
invSWfor-SL12-101-sep,Chironomidae,6
invSWfor-SL12-121-sep,Chironomidae,14
invSWfor-SL12-191-sep,Chironomidae,6
invSWfor-SL12-292-sep,Chironomidae,2
invSWfor-SL12-557-sep,Chironomidae,4
invSWfor-SL12-978-sep,Chironomidae,14
invSWfor-SL12-012-sep,Chironominae,1
invSWfor-SL12-978-sep,Chironominae,12
invHDfor-SL12-011-sep,Chironomini,1
invHDfor-SL12-014-sep,Chironomini,1
invHDfor-SL12-018-sep,Chironomini,4
invHDfor-SL12-021-sep,Chironomini,3
invHDfor-SL12-022-sep,Chironomini,4
invHDfor-SL12-023-sep,Chironomini,1
invHDfor-SL12-031-sep,Chironomini,5
invHDfor-SL12-033-sep,Chironomini,1
invHDfor-SL12-053-sep,Chironomini,2
invHDfor-SL12-057-sep,Chironomini,1
invHDfor-SL12-060-sep,Chironomini,2
invPPfor-SL12-001-sep,Chironomini,1
invPPfor-SL12-012-sep,Chironomini,2
invPPfor-SL12-015-sep,Chironomini,1
invPPfor-SL12-023-sep,Chironomini,2
invPPfor-SL12-047-sep,Chironomini,1
invPPfor-SL12-052-sep,Chironomini,2
invPPfor-SL12-057-sep,Chironomini,1
invPPfor-SL12-059-sep,Chironomini,2
invPPfor-SL12-062-sep,Chironomini,2
invPPfor-SL12-070-sep,Chironomini,2
invSWfor-SL12-011-sep,Chironomini,15
invSWfor-SL12-012-sep,Chironomini,1
invSWfor-SL12-018-sep,Chironomini,1
invSWfor-SL12-053-sep,Chironomini,257
invSWfor-SL12-060-sep,Chironomini,24
invSWfor-SL12-096-sep,Chironomini,1619
invSWfor-SL12-101-sep,Chironomini,81
invSWfor-SL12-121-sep,Chironomini,502
invSWfor-SL12-130-sep,Chironomini,84
invSWfor-SL12-191-sep,Chironomini,492
invSWfor-SL12-444-sep,Chironomini,2
invSWfor-SL12-445-sep,Chironomini,923
invSWfor-SL12-557-sep,Chironomini,2
invSWfor-SL12-978-sep,Chironomini,182
invPPfor-SL12-001-sep,Chironomus,6
invPPfor-SL12-004-sep,Chironomus,1
invPPfor-SL12-005-sep,Chironomus,1
invPPfor-SL12-010-sep,Chironomus,4
invPPfor-SL12-012-sep,Chironomus,5
invPPfor-SL12-014-sep,Chironomus,3
invPPfor-SL12-022-sep,Chironomus,3
invPPfor-SL12-023-sep,Chironomus,1
invPPfor-SL12-024-sep,Chironomus,1
invPPfor-SL12-025-sep,Chironomus,1
invPPfor-SL12-031-sep,Chironomus,9
invPPfor-SL12-032-sep,Chironomus,1
invPPfor-SL12-044-sep,Chironomus,1
invPPfor-SL12-046-sep,Chironomus,1
invPPfor-SL12-048-sep,Chironomus,4
invPPfor-SL12-050-sep,Chironomus,1
invPPfor-SL12-052-sep,Chironomus,2
invPPfor-SL12-057-sep,Chironomus,1
invPPfor-SL12-062-sep,Chironomus,3
invPPfor-SL12-066-sep,Chironomus,3
invSWfor-SL12-053-sep,Chironomus,1
invSWfor-SL12-060-sep,Chironomus,1
invSWfor-SL12-101-sep,Chironomus,2
invSWfor-SL12-121-sep,Chironomus,44
invPPfor-SL12-018-sep,Chironomus crassicaudatus,15
invHDfor-SL12-034-sep,Chironomus stigmaterus,1
invSWfor-SL12-096-sep,Cincinnatia integra,1
invSWfor-SL12-101-sep,Cincinnatia integra,4
invSWfor-SL12-978-sep,Cincinnatia integra,30
invHDfor-SL12-057-sep,Cladotanytarsus,1
invPPfor-SL12-012-sep,Cladotanytarsus,4
invPPfor-SL12-029-sep,Cladotanytarsus,1
invPPfor-SL12-053-sep,Cladotanytarsus,1
invSWfor-SL12-011-sep,Cladotanytarsus,2
invSWfor-SL12-053-sep,Cladotanytarsus,6
invSWfor-SL12-096-sep,Cladotanytarsus,1
invSWfor-SL12-191-sep,Cladotanytarsus,2
invSWfor-SL12-292-sep,Cladotanytarsus,7
invHDfor-SL12-044-sep,Cladotanytarsus mancus group,1
invPPfor-SL12-012-sep,Cladotanytarsus mancus group,3
invPPfor-SL12-014-sep,Cladotanytarsus mancus group,1
invPPfor-SL12-017-sep,Cladotanytarsus mancus group,1
invPPfor-SL12-053-sep,Cladotanytarsus mancus group,2
invPPfor-SL12-057-sep,Cladotanytarsus mancus group,8
invSWfor-SL12-053-sep,Cladotanytarsus mancus group,2
invSWfor-SL12-063-sep,Cladotanytarsus mancus group,1
invSWfor-SL12-191-sep,Cladotanytarsus mancus group,2
invSWfor-SL12-292-sep,Cladotanytarsus mancus group,3
invPPfor-SL12-050-sep,Cladotanytarsus vanderwulpi group,1
invPPfor-SL12-015-sep,Clinotanypus,2
invSWfor-SL12-053-sep,Clinotanypus,1
invPPfor-SL12-022-sep,Clinotanypus pinguis,1
invPPfor-SL12-030-sep,Clinotanypus pinguis,1
invPPfor-SL12-056-sep,Coelotanypus,1
invPPfor-SL12-059-sep,Coelotanypus,3
invPPfor-SL12-060-sep,Coelotanypus,1
invPPfor-SL12-001-sep,Coelotanypus scapularis,2
invPPfor-SL12-002-sep,Coelotanypus scapularis,10
invPPfor-SL12-003-sep,Coelotanypus scapularis,6
invPPfor-SL12-004-sep,Coelotanypus scapularis,11
invPPfor-SL12-005-sep,Coelotanypus scapularis,4
invPPfor-SL12-006-sep,Coelotanypus scapularis,9
invPPfor-SL12-008-sep,Coelotanypus scapularis,1
invPPfor-SL12-010-sep,Coelotanypus scapularis,6
invPPfor-SL12-011-sep,Coelotanypus scapularis,6
invPPfor-SL12-012-sep,Coelotanypus scapularis,10
invPPfor-SL12-014-sep,Coelotanypus scapularis,22
invPPfor-SL12-015-sep,Coelotanypus scapularis,4
invPPfor-SL12-016-sep,Coelotanypus scapularis,1
invPPfor-SL12-017-sep,Coelotanypus scapularis,3
invPPfor-SL12-018-sep,Coelotanypus scapularis,6
invPPfor-SL12-019-sep,Coelotanypus scapularis,5
invPPfor-SL12-020-sep,Coelotanypus scapularis,3
invPPfor-SL12-023-sep,Coelotanypus scapularis,5
invPPfor-SL12-024-sep,Coelotanypus scapularis,2
invPPfor-SL12-025-sep,Coelotanypus scapularis,1
invPPfor-SL12-026-sep,Coelotanypus scapularis,2
invPPfor-SL12-030-sep,Coelotanypus scapularis,13
invPPfor-SL12-032-sep,Coelotanypus scapularis,4
invPPfor-SL12-033-sep,Coelotanypus scapularis,5
invPPfor-SL12-034-sep,Coelotanypus scapularis,8
invPPfor-SL12-036-sep,Coelotanypus scapularis,6
invPPfor-SL12-039-sep,Coelotanypus scapularis,4
invPPfor-SL12-040-sep,Coelotanypus scapularis,1
invPPfor-SL12-041-sep,Coelotanypus scapularis,4
invPPfor-SL12-043-sep,Coelotanypus scapularis,3
invPPfor-SL12-044-sep,Coelotanypus scapularis,1
invPPfor-SL12-047-sep,Coelotanypus scapularis,5
invPPfor-SL12-048-sep,Coelotanypus scapularis,8
invPPfor-SL12-049-sep,Coelotanypus scapularis,7
invPPfor-SL12-052-sep,Coelotanypus scapularis,1
invPPfor-SL12-053-sep,Coelotanypus scapularis,2
invPPfor-SL12-056-sep,Coelotanypus scapularis,5
invPPfor-SL12-059-sep,Coelotanypus scapularis,7
invPPfor-SL12-060-sep,Coelotanypus scapularis,5
invPPfor-SL12-061-sep,Coelotanypus scapularis,8
invPPfor-SL12-062-sep,Coelotanypus scapularis,5
invPPfor-SL12-063-sep,Coelotanypus scapularis,1
invPPfor-SL12-073-sep,Coelotanypus scapularis,5
invSWfor-SL12-130-sep,Coelotanypus scapularis,2
invSWfor-SL12-012-sep,Coenagrion/Enallagma,10
invSWfor-SL12-018-sep,Coenagrion/Enallagma,1
invSWfor-SL12-444-sep,Coenagrion/Enallagma,8
invSWfor-SL12-445-sep,Coenagrion/Enallagma,4
invSWfor-SL12-978-sep,Coenagrion/Enallagma,12
invSWfor-SL12-012-sep,Coenagrionidae,37
invSWfor-SL12-018-sep,Coenagrionidae,1
invSWfor-SL12-053-sep,Coenagrionidae,5
invSWfor-SL12-060-sep,Coenagrionidae,1
invSWfor-SL12-063-sep,Coenagrionidae,1
invSWfor-SL12-096-sep,Coenagrionidae,87
invSWfor-SL12-101-sep,Coenagrionidae,85
invSWfor-SL12-121-sep,Coenagrionidae,269
invSWfor-SL12-130-sep,Coenagrionidae,3
invSWfor-SL12-191-sep,Coenagrionidae,311
invSWfor-SL12-292-sep,Coenagrionidae,1
invSWfor-SL12-444-sep,Coenagrionidae,20
invSWfor-SL12-445-sep,Coenagrionidae,130
invSWfor-SL12-557-sep,Coenagrionidae,1
invSWfor-SL12-978-sep,Coenagrionidae,65
invSWfor-SL12-018-sep,Collembola,3
invSWfor-SL12-053-sep,Collembola,154
invPPfor-SL12-006-sep,Corbicula fluminea,1
invHDfor-SL12-008-sep,Cordylophora caspia,39
invHDfor-SL12-011-sep,Cordylophora caspia,10
invHDfor-SL12-021-sep,Cordylophora caspia,8
invHDfor-SL12-030-sep,Cordylophora caspia,6
invHDfor-SL12-031-sep,Cordylophora caspia,8
invHDfor-SL12-034-sep,Cordylophora caspia,74
invPPfor-SL12-018-sep,Corixidae,3
invSWfor-SL12-012-sep,Corixidae,8
invSWfor-SL12-018-sep,Corixidae,107
invSWfor-SL12-053-sep,Corixidae,1448
invSWfor-SL12-096-sep,Corixidae,1
invSWfor-SL12-121-sep,Corixidae,126
invSWfor-SL12-130-sep,Corixidae,6
invSWfor-SL12-191-sep,Corixidae,2
invSWfor-SL12-445-sep,Corixidae,1
invSWfor-SL12-011-sep,Corynoneura,5
invSWfor-SL12-060-sep,Corynoneura,1
invSWfor-SL12-096-sep,Corynoneura,7
invSWfor-SL12-101-sep,Corynoneura,6
invSWfor-SL12-445-sep,Corynoneura,2
invSWfor-SL12-096-sep,Corynoneura/Thienemanniella,34
invSWfor-SL12-101-sep,Corynoneura/Thienemanniella,25
invSWfor-SL12-121-sep,Corynoneura/Thienemanniella,18
invSWfor-SL12-096-sep,Crangonyx,3
invHDfor-SL12-007-sep,Cricotopus,3
invHDfor-SL12-008-sep,Cricotopus,4
invHDfor-SL12-010-sep,Cricotopus,5
invHDfor-SL12-011-sep,Cricotopus,7
invHDfor-SL12-014-sep,Cricotopus,14
invHDfor-SL12-017-sep,Cricotopus,94
invHDfor-SL12-018-sep,Cricotopus,7
invHDfor-SL12-021-sep,Cricotopus,5
invHDfor-SL12-022-sep,Cricotopus,44
invHDfor-SL12-023-sep,Cricotopus,4
invHDfor-SL12-030-sep,Cricotopus,21
invHDfor-SL12-031-sep,Cricotopus,24
invHDfor-SL12-033-sep,Cricotopus,3
invHDfor-SL12-034-sep,Cricotopus,2
invHDfor-SL12-044-sep,Cricotopus,19
invHDfor-SL12-053-sep,Cricotopus,9
invHDfor-SL12-057-sep,Cricotopus,8
invHDfor-SL12-060-sep,Cricotopus,9
invPPfor-SL12-053-sep,Cricotopus,3
invSWfor-SL12-011-sep,Cricotopus,5
invSWfor-SL12-012-sep,Cricotopus,2
invSWfor-SL12-018-sep,Cricotopus,3
invSWfor-SL12-053-sep,Cricotopus,13
invSWfor-SL12-060-sep,Cricotopus,10
invSWfor-SL12-063-sep,Cricotopus,1
invSWfor-SL12-096-sep,Cricotopus,12
invSWfor-SL12-101-sep,Cricotopus,41
invSWfor-SL12-121-sep,Cricotopus,141
invSWfor-SL12-130-sep,Cricotopus,17
invSWfor-SL12-191-sep,Cricotopus,24
invSWfor-SL12-292-sep,Cricotopus,1
invSWfor-SL12-445-sep,Cricotopus,2
invSWfor-SL12-557-sep,Cricotopus,33
invSWfor-SL12-978-sep,Cricotopus,48
invHDfor-SL12-017-sep,Cricotopus bicinctus,1
invHDfor-SL12-017-sep,Cricotopus lebetis,1
invHDfor-SL12-007-sep,Cricotopus sylvestris group,3
invHDfor-SL12-008-sep,Cricotopus sylvestris group,3
invHDfor-SL12-010-sep,Cricotopus sylvestris group,1
invHDfor-SL12-011-sep,Cricotopus sylvestris group,1
invHDfor-SL12-014-sep,Cricotopus sylvestris group,4
invHDfor-SL12-017-sep,Cricotopus sylvestris group,22
invHDfor-SL12-018-sep,Cricotopus sylvestris group,7
invHDfor-SL12-021-sep,Cricotopus sylvestris group,2
invHDfor-SL12-022-sep,Cricotopus sylvestris group,1
invHDfor-SL12-023-sep,Cricotopus sylvestris group,5
invHDfor-SL12-030-sep,Cricotopus sylvestris group,5
invHDfor-SL12-031-sep,Cricotopus sylvestris group,10
invHDfor-SL12-033-sep,Cricotopus sylvestris group,3
invHDfor-SL12-034-sep,Cricotopus sylvestris group,5
invHDfor-SL12-044-sep,Cricotopus sylvestris group,7
invHDfor-SL12-053-sep,Cricotopus sylvestris group,3
invHDfor-SL12-060-sep,Cricotopus sylvestris group,3
invSWfor-SL12-011-sep,Cricotopus sylvestris group,55
invSWfor-SL12-018-sep,Cricotopus sylvestris group,3
invSWfor-SL12-053-sep,Cricotopus sylvestris group,15
invSWfor-SL12-060-sep,Cricotopus sylvestris group,32
invSWfor-SL12-063-sep,Cricotopus sylvestris group,4
invSWfor-SL12-096-sep,Cricotopus sylvestris group,2
invSWfor-SL12-101-sep,Cricotopus sylvestris group,28
invSWfor-SL12-121-sep,Cricotopus sylvestris group,296
invSWfor-SL12-130-sep,Cricotopus sylvestris group,3
invSWfor-SL12-191-sep,Cricotopus sylvestris group,4
invSWfor-SL12-292-sep,Cricotopus sylvestris group,3
invSWfor-SL12-444-sep,Cricotopus sylvestris group,38
invSWfor-SL12-445-sep,Cricotopus sylvestris group,5
invSWfor-SL12-978-sep,Cricotopus sylvestris group,69
invSWfor-SL12-121-sep,Cricotopus/Orthocladius,1288
invPPfor-SL12-001-sep,Cryptochironomus,1
invPPfor-SL12-002-sep,Cryptochironomus,1
invPPfor-SL12-004-sep,Cryptochironomus,3
invPPfor-SL12-005-sep,Cryptochironomus,1
invPPfor-SL12-006-sep,Cryptochironomus,3
invPPfor-SL12-009-sep,Cryptochironomus,1
invPPfor-SL12-010-sep,Cryptochironomus,1
invPPfor-SL12-012-sep,Cryptochironomus,17
invPPfor-SL12-014-sep,Cryptochironomus,6
invPPfor-SL12-015-sep,Cryptochironomus,2
invPPfor-SL12-016-sep,Cryptochironomus,3
invPPfor-SL12-017-sep,Cryptochironomus,5
invPPfor-SL12-018-sep,Cryptochironomus,1
invPPfor-SL12-022-sep,Cryptochironomus,1
invPPfor-SL12-023-sep,Cryptochironomus,3
invPPfor-SL12-024-sep,Cryptochironomus,3
invPPfor-SL12-026-sep,Cryptochironomus,1
invPPfor-SL12-031-sep,Cryptochironomus,3
invPPfor-SL12-032-sep,Cryptochironomus,3
invPPfor-SL12-034-sep,Cryptochironomus,2
invPPfor-SL12-040-sep,Cryptochironomus,2
invPPfor-SL12-041-sep,Cryptochironomus,7
invPPfor-SL12-042-sep,Cryptochironomus,1
invPPfor-SL12-043-sep,Cryptochironomus,1
invPPfor-SL12-044-sep,Cryptochironomus,5
invPPfor-SL12-045-sep,Cryptochironomus,1
invPPfor-SL12-046-sep,Cryptochironomus,1
invPPfor-SL12-047-sep,Cryptochironomus,2
invPPfor-SL12-048-sep,Cryptochironomus,1
invPPfor-SL12-049-sep,Cryptochironomus,2
invPPfor-SL12-050-sep,Cryptochironomus,2
invPPfor-SL12-053-sep,Cryptochironomus,1
invPPfor-SL12-056-sep,Cryptochironomus,3
invPPfor-SL12-057-sep,Cryptochironomus,4
invPPfor-SL12-059-sep,Cryptochironomus,1
invPPfor-SL12-061-sep,Cryptochironomus,1
invPPfor-SL12-062-sep,Cryptochironomus,3
invPPfor-SL12-070-sep,Cryptochironomus,3
invSWfor-SL12-012-sep,Cryptochironomus,1
invSWfor-SL12-053-sep,Cryptochironomus,3
invSWfor-SL12-096-sep,Cryptochironomus,1
invSWfor-SL12-121-sep,Cryptochironomus,9
invSWfor-SL12-191-sep,Cryptochironomus,1
invSWfor-SL12-292-sep,Cryptochironomus,1
invPPfor-SL12-004-sep,Cryptotendipes,1
invPPfor-SL12-025-sep,Cryptotendipes,1
invPPfor-SL12-056-sep,Cryptotendipes,1
invPPfor-SL12-062-sep,Cryptotendipes,2
invPPfor-SL12-066-sep,Cryptotendipes,1
invSWfor-SL12-053-sep,Curculionidae,2
invSWfor-SL12-096-sep,Curculionidae,1
invSWfor-SL12-445-sep,Curculionidae,1
invPPfor-SL12-006-sep,Cyclorrhaphous - Brachycera,1
invHDfor-SL12-011-sep,Cyrnellus,4
invHDfor-SL12-022-sep,Cyrnellus,1
invHDfor-SL12-023-sep,Cyrnellus,4
invHDfor-SL12-033-sep,Cyrnellus,13
invHDfor-SL12-053-sep,Cyrnellus,3
invHDfor-SL12-057-sep,Cyrnellus,1
invHDfor-SL12-060-sep,Cyrnellus,8
invHDfor-SL12-008-sep,Cyrnellus fraturnus,3
invHDfor-SL12-031-sep,Cyrnellus fraturnus,2
invSWfor-SL12-096-sep,Dasyhelea,3
invHDfor-SL12-021-sep,Dero,19
invHDfor-SL12-030-sep,Dero,15
invHDfor-SL12-031-sep,Dero,12
invHDfor-SL12-033-sep,Dero,1
invSWfor-SL12-053-sep,Dero,2
invSWfor-SL12-096-sep,Dero,3
invSWfor-SL12-101-sep,Dero,4
invSWfor-SL12-121-sep,Dero,95
invSWfor-SL12-191-sep,Dero,16
invSWfor-SL12-060-sep,Dero flabelliger,2
invHDfor-SL12-031-sep,Dero furcata,2
invHDfor-SL12-021-sep,Dero nivea,13
invHDfor-SL12-007-sep,Dicrotendipes,2
invHDfor-SL12-008-sep,Dicrotendipes,3
invHDfor-SL12-011-sep,Dicrotendipes,4
invHDfor-SL12-017-sep,Dicrotendipes,3
invHDfor-SL12-018-sep,Dicrotendipes,3
invHDfor-SL12-021-sep,Dicrotendipes,20
invHDfor-SL12-022-sep,Dicrotendipes,9
invHDfor-SL12-023-sep,Dicrotendipes,3
invHDfor-SL12-030-sep,Dicrotendipes,6
invHDfor-SL12-031-sep,Dicrotendipes,6
invHDfor-SL12-033-sep,Dicrotendipes,4
invHDfor-SL12-034-sep,Dicrotendipes,5
invHDfor-SL12-044-sep,Dicrotendipes,15
invHDfor-SL12-057-sep,Dicrotendipes,4
invHDfor-SL12-060-sep,Dicrotendipes,4
invPPfor-SL12-001-sep,Dicrotendipes,1
invPPfor-SL12-044-sep,Dicrotendipes,1
invPPfor-SL12-053-sep,Dicrotendipes,2
invSWfor-SL12-011-sep,Dicrotendipes,1
invSWfor-SL12-012-sep,Dicrotendipes,1
invSWfor-SL12-018-sep,Dicrotendipes,1
invSWfor-SL12-053-sep,Dicrotendipes,65
invSWfor-SL12-096-sep,Dicrotendipes,51
invSWfor-SL12-101-sep,Dicrotendipes,20
invSWfor-SL12-121-sep,Dicrotendipes,63
invSWfor-SL12-130-sep,Dicrotendipes,6
invSWfor-SL12-191-sep,Dicrotendipes,12
invSWfor-SL12-292-sep,Dicrotendipes,2
invSWfor-SL12-557-sep,Dicrotendipes,3
invSWfor-SL12-978-sep,Dicrotendipes,10
invHDfor-SL12-014-sep,Diptera,2
invSWfor-SL12-121-sep,Diptera,2
invSWfor-SL12-096-sep,Dixella,1
invHDfor-SL12-022-sep,Dreissena,2
invPPfor-SL12-008-sep,Dreissena polymorpha,1
invPPfor-SL12-024-sep,Dreissena polymorpha,12
invPPfor-SL12-032-sep,Dreissena polymorpha,8
invPPfor-SL12-044-sep,Dreissena polymorpha,2
invPPfor-SL12-048-sep,Dreissena polymorpha,2
invSWfor-SL12-130-sep,Dreissena polymorpha,48
invSWfor-SL12-191-sep,Dreissena polymorpha,40
invHDfor-SL12-044-sep,Dreissenidae,2
invPPfor-SL12-056-sep,Dubiraphia,1
invSWfor-SL12-978-sep,Dubiraphia,2
invSWfor-SL12-121-sep,Dubiraphia minima,1
invPPfor-SL12-032-sep,Elliptio complanata,1
invPPfor-SL12-024-sep,Elmidae,1
invSWfor-SL12-096-sep,Elophila,1
invSWfor-SL12-445-sep,Elophila,9
invSWfor-SL12-445-sep,Enallagma ebrium/hageni,1
invSWfor-SL12-121-sep,Enallagma hageni,3
invSWfor-SL12-121-sep,Enallagma signatum,1
invHDfor-SL12-007-sep,Endochironomus,4
invHDfor-SL12-008-sep,Endochironomus,1
invHDfor-SL12-018-sep,Endochironomus,4
invHDfor-SL12-021-sep,Endochironomus,1
invHDfor-SL12-031-sep,Endochironomus,1
invHDfor-SL12-044-sep,Endochironomus,3
invHDfor-SL12-057-sep,Endochironomus,5
invSWfor-SL12-012-sep,Endochironomus,12
invSWfor-SL12-018-sep,Endochironomus,3
invSWfor-SL12-060-sep,Endochironomus,1
invSWfor-SL12-096-sep,Endochironomus,181
invSWfor-SL12-101-sep,Endochironomus,31
invSWfor-SL12-121-sep,Endochironomus,17
invSWfor-SL12-130-sep,Endochironomus,5
invSWfor-SL12-191-sep,Endochironomus,40
invSWfor-SL12-444-sep,Endochironomus,70
invSWfor-SL12-445-sep,Endochironomus,190
invSWfor-SL12-557-sep,Endochironomus,2
invPPfor-SL12-003-sep,Ephemeridae,2
invPPfor-SL12-006-sep,Ephemeridae,2
invPPfor-SL12-011-sep,Ephemeridae,11
invPPfor-SL12-014-sep,Ephemeridae,5
invPPfor-SL12-017-sep,Ephemeridae,7
invPPfor-SL12-020-sep,Ephemeridae,6
invPPfor-SL12-022-sep,Ephemeridae,4
invPPfor-SL12-023-sep,Ephemeridae,3
invPPfor-SL12-024-sep,Ephemeridae,1
invPPfor-SL12-030-sep,Ephemeridae,8
invPPfor-SL12-033-sep,Ephemeridae,1
invPPfor-SL12-034-sep,Ephemeridae,7
invPPfor-SL12-044-sep,Ephemeridae,1
invPPfor-SL12-048-sep,Ephemeridae,1
invPPfor-SL12-051-sep,Ephemeridae,1
invPPfor-SL12-059-sep,Ephemeridae,1
invPPfor-SL12-060-sep,Ephemeridae,18
invPPfor-SL12-061-sep,Ephemeridae,4
invPPfor-SL12-062-sep,Ephemeridae,2
invPPfor-SL12-070-sep,Ephemeridae,2
invPPfor-SL12-001-sep,Ephemeroptera,1
invPPfor-SL12-003-sep,Ephemeroptera,1
invPPfor-SL12-004-sep,Ephemeroptera,1
invPPfor-SL12-008-sep,Ephemeroptera,5
invPPfor-SL12-020-sep,Ephemeroptera,3
invPPfor-SL12-048-sep,Ephemeroptera,2
invPPfor-SL12-050-sep,Ephemeroptera,1
invSWfor-SL12-121-sep,Ephydridae,1
invPPfor-SL12-014-sep,Epoicocladius,1
invPPfor-SL12-033-sep,Epoicocladius,1
invPPfor-SL12-012-sep,Epoicocladius flavens,1
invPPfor-SL12-048-sep,Epoicocladius flavens,1
invPPfor-SL12-013-sep,Erpobdella punctata,2
invPPfor-SL12-015-sep,Erpobdella punctata,1
invPPfor-SL12-024-sep,Erpobdella punctata,1
invSWfor-SL12-121-sep,Eukiefferiella,1
invSWfor-SL12-978-sep,Eurylophella,4
invSWfor-SL12-018-sep,Eylais,10
invSWfor-SL12-130-sep,Eylais,3
invSWfor-SL12-012-sep,Ferrissia,28
invSWfor-SL12-060-sep,Ferrissia,43
invSWfor-SL12-130-sep,Ferrissia,82
invSWfor-SL12-978-sep,Ferrissia,67
invSWfor-SL12-018-sep,Ferrissia rivularis,325
invSWfor-SL12-060-sep,Ferrissia rivularis,6
invSWfor-SL12-121-sep,Ferrissia rivularis,1
invSWfor-SL12-444-sep,Ferrissia rivularis,48
invSWfor-SL12-978-sep,Ferrissia rivularis,8
invPPfor-SL12-059-sep,Forelia,1
invPPfor-SL12-070-sep,Forelia,1
invSWfor-SL12-053-sep,Forelia,7
invSWfor-SL12-063-sep,Forelia,1
invHDfor-SL12-034-sep,Gammaridae,3
invSWfor-SL12-444-sep,Gammaridae,1
invHDfor-SL12-008-sep,Gammarus,2
invHDfor-SL12-010-sep,Gammarus,4
invHDfor-SL12-017-sep,Gammarus,11
invHDfor-SL12-018-sep,Gammarus,2
invPPfor-SL12-017-sep,Gammarus,1
invPPfor-SL12-018-sep,Gammarus,2
invSWfor-SL12-018-sep,Gammarus,2
invSWfor-SL12-053-sep,Gammarus,6
invSWfor-SL12-060-sep,Gammarus,2
invSWfor-SL12-121-sep,Gammarus,4
invSWfor-SL12-130-sep,Gammarus,302
invSWfor-SL12-191-sep,Gammarus,1
invHDfor-SL12-007-sep,Gammarus fasciatus,22
invHDfor-SL12-010-sep,Gammarus fasciatus,27
invHDfor-SL12-011-sep,Gammarus fasciatus,4
invHDfor-SL12-014-sep,Gammarus fasciatus,1
invHDfor-SL12-017-sep,Gammarus fasciatus,9
invHDfor-SL12-018-sep,Gammarus fasciatus,32
invHDfor-SL12-023-sep,Gammarus fasciatus,1
invHDfor-SL12-033-sep,Gammarus fasciatus,1
invHDfor-SL12-034-sep,Gammarus fasciatus,1
invHDfor-SL12-044-sep,Gammarus fasciatus,1
invSWfor-SL12-012-sep,Gammarus fasciatus,2
invSWfor-SL12-053-sep,Gammarus fasciatus,7
invSWfor-SL12-096-sep,Gammarus fasciatus,2
invSWfor-SL12-130-sep,Gammarus fasciatus,9
invSWfor-SL12-444-sep,Gammarus fasciatus,67
invSWfor-SL12-445-sep,Gammarus fasciatus,56
invSWfor-SL12-557-sep,Gammarus fasciatus,1
invHDfor-SL12-014-sep,Gammarus pseudolimnaeus,1
invHDfor-SL12-021-sep,Gammarus pseudolimnaeus,1
invHDfor-SL12-022-sep,Gammarus pseudolimnaeus,1
invHDfor-SL12-033-sep,Gammarus pseudolimnaeus,2
invHDfor-SL12-034-sep,Gammarus pseudolimnaeus,4
invHDfor-SL12-053-sep,Gammarus pseudolimnaeus,2
invHDfor-SL12-060-sep,Gammarus pseudolimnaeus,3
invPPfor-SL12-007-sep,Gammarus pseudolimnaeus,15
invPPfor-SL12-061-sep,Gammarus pseudolimnaeus,1
invSWfor-SL12-012-sep,Gammarus pseudolimnaeus,2
invSWfor-SL12-018-sep,Gammarus pseudolimnaeus,9
invSWfor-SL12-096-sep,Gammarus pseudolimnaeus,94
invSWfor-SL12-101-sep,Gammarus pseudolimnaeus,3
invSWfor-SL12-121-sep,Gammarus pseudolimnaeus,88
invSWfor-SL12-130-sep,Gammarus pseudolimnaeus,8
invSWfor-SL12-444-sep,Gammarus pseudolimnaeus,56
invSWfor-SL12-557-sep,Gammarus pseudolimnaeus,38
invSWfor-SL12-978-sep,Gammarus pseudolimnaeus,33
invHDfor-SL12-018-sep,Gastropoda,1
invPPfor-SL12-005-sep,Gastropoda,1
invPPfor-SL12-007-sep,Gastropoda,2
invPPfor-SL12-009-sep,Gastropoda,2
invPPfor-SL12-016-sep,Gastropoda,1
invPPfor-SL12-018-sep,Gastropoda,3
invPPfor-SL12-046-sep,Gastropoda,1
invPPfor-SL12-059-sep,Gastropoda,10
invSWfor-SL12-011-sep,Gastropoda,17
invSWfor-SL12-012-sep,Gastropoda,9
invSWfor-SL12-018-sep,Gastropoda,88
invSWfor-SL12-053-sep,Gastropoda,5
invSWfor-SL12-063-sep,Gastropoda,5
invSWfor-SL12-096-sep,Gastropoda,114
invSWfor-SL12-101-sep,Gastropoda,175
invSWfor-SL12-121-sep,Gastropoda,470
invSWfor-SL12-191-sep,Gastropoda,9
invSWfor-SL12-444-sep,Gastropoda,5
invSWfor-SL12-445-sep,Gastropoda,3
invSWfor-SL12-096-sep,Gerridae,1
invSWfor-SL12-121-sep,Gerris,6
invSWfor-SL12-096-sep,Gerris buenoi,1
invSWfor-SL12-096-sep,Gerris marginatus,2
invSWfor-SL12-121-sep,Glossiphonia complanata,2
invSWfor-SL12-121-sep,Glossiphoniidae,3
invSWfor-SL12-444-sep,Glossiphoniidae,1
invHDfor-SL12-008-sep,Glyptotendipes,1
invHDfor-SL12-017-sep,Glyptotendipes,3
invHDfor-SL12-018-sep,Glyptotendipes,15
invHDfor-SL12-021-sep,Glyptotendipes,19
invHDfor-SL12-022-sep,Glyptotendipes,1
invHDfor-SL12-031-sep,Glyptotendipes,7
invHDfor-SL12-044-sep,Glyptotendipes,9
invHDfor-SL12-057-sep,Glyptotendipes,6
invPPfor-SL12-018-sep,Glyptotendipes,2
invPPfor-SL12-044-sep,Glyptotendipes,1
invPPfor-SL12-062-sep,Glyptotendipes,1
invSWfor-SL12-012-sep,Glyptotendipes,4
invSWfor-SL12-018-sep,Glyptotendipes,3
invSWfor-SL12-096-sep,Glyptotendipes,6
invSWfor-SL12-121-sep,Glyptotendipes,8
invSWfor-SL12-130-sep,Glyptotendipes,3
invSWfor-SL12-191-sep,Glyptotendipes,38
invSWfor-SL12-444-sep,Glyptotendipes,7
invSWfor-SL12-978-sep,Glyptotendipes,25
invSWfor-SL12-096-sep,Gyraulus,3
invSWfor-SL12-101-sep,Gyraulus,1
invSWfor-SL12-121-sep,Gyraulus crista,5
invSWfor-SL12-018-sep,Gyraulus deflectus,49
invSWfor-SL12-121-sep,Gyraulus deflectus,2
invSWfor-SL12-018-sep,Gyraulus parvus,484
invSWfor-SL12-096-sep,Gyraulus parvus,22
invSWfor-SL12-121-sep,Gyraulus parvus,93
invSWfor-SL12-444-sep,Gyraulus parvus,3
invSWfor-SL12-096-sep,Gyrinus dichrous,1
invSWfor-SL12-121-sep,Haemonais waldvogeli,1
invSWfor-SL12-012-sep,Haliplus,1
invSWfor-SL12-053-sep,Haliplus,62
invSWfor-SL12-096-sep,Haliplus,55
invSWfor-SL12-121-sep,Haliplus,15
invSWfor-SL12-191-sep,Haliplus,16
invSWfor-SL12-978-sep,Haliplus,1
invSWfor-SL12-012-sep,Haliplus borealis,2
invSWfor-SL12-060-sep,Haliplus borealis,1
invSWfor-SL12-096-sep,Haliplus borealis,7
invSWfor-SL12-978-sep,Haliplus borealis,1
invSWfor-SL12-053-sep,Haliplus cribrarius,1
invSWfor-SL12-053-sep,Haliplus immaculicollis,1
invSWfor-SL12-096-sep,Haliplus immaculicollis,8
invSWfor-SL12-121-sep,Haliplus immaculicollis,5
invSWfor-SL12-191-sep,Haliplus immaculicollis,2
invSWfor-SL12-121-sep,Haliplus pantherinus,1
invSWfor-SL12-191-sep,Haliplus pantherinus,1
invPPfor-SL12-004-sep,Harnischia,1
invPPfor-SL12-005-sep,Harnischia,1
invPPfor-SL12-016-sep,Harnischia,1
invPPfor-SL12-020-sep,Harnischia,1
invPPfor-SL12-043-sep,Harnischia,1
invPPfor-SL12-056-sep,Harnischia,1
invPPfor-SL12-059-sep,Harnischia,2
invPPfor-SL12-073-sep,Harnischia,1
invSWfor-SL12-121-sep,Helisoma anceps,57
invSWfor-SL12-012-sep,Helisoma trivolvis,1
invSWfor-SL12-096-sep,Helisoma trivolvis,3
invSWfor-SL12-121-sep,Helisoma trivolvis,4
invSWfor-SL12-096-sep,Helius,7
invSWfor-SL12-121-sep,Helobdella papillata,2
invSWfor-SL12-096-sep,Helobdella stagnalis,3
invSWfor-SL12-101-sep,Helobdella stagnalis,1
invHDfor-SL12-014-sep,Hemerodromia,4
invHDfor-SL12-017-sep,Hemerodromia,1
invHDfor-SL12-022-sep,Hemerodromia,5
invSWfor-SL12-053-sep,Hemerodromia,5
invSWfor-SL12-101-sep,Hemerodromia,1
invSWfor-SL12-557-sep,Hemerodromia,8
invHDfor-SL12-017-sep,Heptagenia,3
invHDfor-SL12-023-sep,Heptageniidae,3
invHDfor-SL12-033-sep,Heptageniidae,1
invHDfor-SL12-060-sep,Heptageniidae,4
invSWfor-SL12-121-sep,Hesperocorixa lucida,1
invPPfor-SL12-008-sep,Hexagenia,1
invPPfor-SL12-011-sep,Hexagenia,3
invPPfor-SL12-012-sep,Hexagenia,13
invPPfor-SL12-014-sep,Hexagenia,48
invPPfor-SL12-018-sep,Hexagenia,4
invPPfor-SL12-041-sep,Hexagenia,1
invPPfor-SL12-048-sep,Hexagenia,4
invSWfor-SL12-130-sep,Hexagenia,3
invPPfor-SL12-001-sep,Hexagenia limbata,2
invPPfor-SL12-008-sep,Hexagenia limbata,4
invPPfor-SL12-010-sep,Hexagenia limbata,2
invPPfor-SL12-012-sep,Hexagenia limbata,13
invPPfor-SL12-014-sep,Hexagenia limbata,17
invPPfor-SL12-017-sep,Hexagenia limbata,2
invPPfor-SL12-018-sep,Hexagenia limbata,6
invPPfor-SL12-019-sep,Hexagenia limbata,1
invPPfor-SL12-020-sep,Hexagenia limbata,5
invPPfor-SL12-026-sep,Hexagenia limbata,2
invPPfor-SL12-030-sep,Hexagenia limbata,3
invPPfor-SL12-032-sep,Hexagenia limbata,1
invPPfor-SL12-033-sep,Hexagenia limbata,4
invPPfor-SL12-036-sep,Hexagenia limbata,2
invPPfor-SL12-048-sep,Hexagenia limbata,2
invPPfor-SL12-052-sep,Hexagenia limbata,1
invPPfor-SL12-073-sep,Hexagenia limbata,2
invSWfor-SL12-191-sep,Hexagenia limbata,2
invSWfor-SL12-292-sep,Hexagenia limbata,8
invHDfor-SL12-014-sep,Hyalella,1
invHDfor-SL12-022-sep,Hyalella,1
invHDfor-SL12-034-sep,Hyalella,2
invSWfor-SL12-012-sep,Hyalella,64
invSWfor-SL12-053-sep,Hyalella,1
invSWfor-SL12-060-sep,Hyalella,7
invSWfor-SL12-096-sep,Hyalella,3
invSWfor-SL12-101-sep,Hyalella,47
invSWfor-SL12-121-sep,Hyalella,43
invSWfor-SL12-130-sep,Hyalella,6
invSWfor-SL12-191-sep,Hyalella,27
invSWfor-SL12-557-sep,Hyalella,1
invSWfor-SL12-978-sep,Hyalella,460
invHDfor-SL12-030-sep,Hydra,1
invPPfor-SL12-024-sep,Hydra,1
invPPfor-SL12-048-sep,Hydra,1
invSWfor-SL12-011-sep,Hydra,1
invSWfor-SL12-012-sep,Hydra,24
invSWfor-SL12-018-sep,Hydra,3
invSWfor-SL12-053-sep,Hydra,5
invSWfor-SL12-060-sep,Hydra,4
invSWfor-SL12-096-sep,Hydra,552
invSWfor-SL12-101-sep,Hydra,525
invSWfor-SL12-121-sep,Hydra,1246
invSWfor-SL12-130-sep,Hydra,1
invSWfor-SL12-191-sep,Hydra,47
invSWfor-SL12-292-sep,Hydra,40
invSWfor-SL12-444-sep,Hydra,96
invSWfor-SL12-445-sep,Hydra,178
invSWfor-SL12-557-sep,Hydra,1
invSWfor-SL12-978-sep,Hydra,548
invSWfor-SL12-060-sep,Hydrachna,2
invSWfor-SL12-191-sep,Hydrachna,1
invSWfor-SL12-978-sep,Hydrachna,1
invPPfor-SL12-014-sep,Hydrobiidae,3
invSWfor-SL12-012-sep,Hydrobiidae,2
invSWfor-SL12-121-sep,Hydrobiidae,11
invSWfor-SL12-292-sep,Hydrobiidae,1
invSWfor-SL12-445-sep,Hydrobiidae,13
invSWfor-SL12-096-sep,Hydrodroma,3
invSWfor-SL12-101-sep,Hydrodroma,13
invSWfor-SL12-121-sep,Hydrodroma,1
invSWfor-SL12-191-sep,Hydrodroma,1
invHDfor-SL12-008-sep,Hydroptila,3
invHDfor-SL12-010-sep,Hydroptila,1
invHDfor-SL12-011-sep,Hydroptila,1
invHDfor-SL12-014-sep,Hydroptila,91
invHDfor-SL12-017-sep,Hydroptila,2
invHDfor-SL12-018-sep,Hydroptila,1
invHDfor-SL12-022-sep,Hydroptila,23
invHDfor-SL12-030-sep,Hydroptila,13
invHDfor-SL12-033-sep,Hydroptila,1
invHDfor-SL12-034-sep,Hydroptila,1
invHDfor-SL12-044-sep,Hydroptila,10
invHDfor-SL12-053-sep,Hydroptila,7
invHDfor-SL12-057-sep,Hydroptila,30
invHDfor-SL12-060-sep,Hydroptila,4
invSWfor-SL12-012-sep,Hydroptila,1
invSWfor-SL12-096-sep,Hydroptila,10
invSWfor-SL12-101-sep,Hydroptila,59
invSWfor-SL12-121-sep,Hydroptila,4
invSWfor-SL12-130-sep,Hydroptila,49
invSWfor-SL12-191-sep,Hydroptila,8
invSWfor-SL12-445-sep,Hydroptila,3
invSWfor-SL12-557-sep,Hydroptila,2
invSWfor-SL12-978-sep,Hydroptila,13
invHDfor-SL12-014-sep,Hydroptilidae,8
invHDfor-SL12-017-sep,Hydroptilidae,4
invHDfor-SL12-022-sep,Hydroptilidae,13
invHDfor-SL12-023-sep,Hydroptilidae,5
invHDfor-SL12-030-sep,Hydroptilidae,9
invHDfor-SL12-033-sep,Hydroptilidae,4
invHDfor-SL12-044-sep,Hydroptilidae,28
invHDfor-SL12-053-sep,Hydroptilidae,3
invHDfor-SL12-057-sep,Hydroptilidae,38
invHDfor-SL12-060-sep,Hydroptilidae,19
invSWfor-SL12-060-sep,Hydroptilidae,1
invHDfor-SL12-014-sep,Hygrobates,1
invHDfor-SL12-017-sep,Hygrobates,2
invHDfor-SL12-021-sep,Hygrobates,2
invHDfor-SL12-022-sep,Hygrobates,3
invHDfor-SL12-030-sep,Hygrobates,1
invHDfor-SL12-044-sep,Hygrobates,1
invPPfor-SL12-014-sep,Hygrobates,7
invPPfor-SL12-022-sep,Hygrobates,2
invPPfor-SL12-024-sep,Hygrobates,2
invPPfor-SL12-048-sep,Hygrobates,1
invPPfor-SL12-049-sep,Hygrobates,1
invPPfor-SL12-050-sep,Hygrobates,1
invPPfor-SL12-061-sep,Hygrobates,2
invSWfor-SL12-011-sep,Hygrobates,1
invSWfor-SL12-012-sep,Hygrobates,1
invSWfor-SL12-053-sep,Hygrobates,1
invSWfor-SL12-063-sep,Hygrobates,6
invSWfor-SL12-101-sep,Hygrobates,7
invSWfor-SL12-130-sep,Hygrobates,26
invSWfor-SL12-292-sep,Hygrobates,3
invSWfor-SL12-557-sep,Hygrobates,2
invSWfor-SL12-978-sep,Hygrobates,4
invSWfor-SL12-060-sep,Hyporhygma quadripunctatus,1
invSWfor-SL12-101-sep,Hyporhygma quadripunctatus,2
invSWfor-SL12-121-sep,Hyporhygma quadripunctatus,2
invSWfor-SL12-445-sep,Hyporhygma quadripunctatus,14
invSWfor-SL12-978-sep,Hyporhygma quadripunctatus,1
invSWfor-SL12-012-sep,Ischnura,5
invPPfor-SL12-012-sep,Lasmigona,1
invPPfor-SL12-063-sep,Lasmigona,2
invPPfor-SL12-040-sep,Lebertia,1
invPPfor-SL12-048-sep,Lebertia,2
invSWfor-SL12-012-sep,Lebertia,1
invSWfor-SL12-063-sep,Lebertia,1
invSWfor-SL12-101-sep,Lebertia,3
invSWfor-SL12-292-sep,Lebertia,1
invSWfor-SL12-557-sep,Lebertia,2
invSWfor-SL12-978-sep,Lebertia,3
invSWfor-SL12-060-sep,Lepidoptera,1
invSWfor-SL12-096-sep,Lepidoptera,1
invSWfor-SL12-101-sep,Lepidoptera,5
invSWfor-SL12-121-sep,Lepidoptera,2
invSWfor-SL12-444-sep,Lepidoptera,9
invSWfor-SL12-978-sep,Lepidoptera,1
invHDfor-SL12-021-sep,Leptoceridae,1
invPPfor-SL12-019-sep,Leptoceridae,1
invSWfor-SL12-060-sep,Leptoceridae,1
invSWfor-SL12-121-sep,Leptoceridae,1
invSWfor-SL12-978-sep,Leptoceridae,1
invSWfor-SL12-978-sep,Leptocerus americanus,1
invSWfor-SL12-101-sep,Limnephilidae,1
invHDfor-SL12-021-sep,Limnesia,8
invHDfor-SL12-031-sep,Limnesia,1
invPPfor-SL12-012-sep,Limnesia,1
invPPfor-SL12-024-sep,Limnesia,1
invPPfor-SL12-030-sep,Limnesia,1
invPPfor-SL12-062-sep,Limnesia,1
invSWfor-SL12-012-sep,Limnesia,2
invSWfor-SL12-053-sep,Limnesia,16
invSWfor-SL12-060-sep,Limnesia,3
invSWfor-SL12-096-sep,Limnesia,13
invSWfor-SL12-101-sep,Limnesia,185
invSWfor-SL12-121-sep,Limnesia,33
invSWfor-SL12-130-sep,Limnesia,5
invSWfor-SL12-191-sep,Limnesia,9
invSWfor-SL12-445-sep,Limnesia,16
invSWfor-SL12-978-sep,Limnesia,8
invPPfor-SL12-002-sep,Limnodrilus cervix,8
invPPfor-SL12-025-sep,Limnodrilus cervix,1
invPPfor-SL12-031-sep,Limnodrilus cervix,2
invPPfor-SL12-035-sep,Limnodrilus cervix,56
invPPfor-SL12-042-sep,Limnodrilus cervix,2
invPPfor-SL12-043-sep,Limnodrilus cervix,2
invPPfor-SL12-044-sep,Limnodrilus cervix,1
invPPfor-SL12-046-sep,Limnodrilus cervix,3
invPPfor-SL12-047-sep,Limnodrilus cervix,1
invPPfor-SL12-051-sep,Limnodrilus cervix,1
invPPfor-SL12-002-sep,Limnodrilus hoffmeisteri,16
invPPfor-SL12-005-sep,Limnodrilus hoffmeisteri,1
invPPfor-SL12-006-sep,Limnodrilus hoffmeisteri,1
invPPfor-SL12-008-sep,Limnodrilus hoffmeisteri,1
invPPfor-SL12-009-sep,Limnodrilus hoffmeisteri,1
invPPfor-SL12-010-sep,Limnodrilus hoffmeisteri,1
invPPfor-SL12-012-sep,Limnodrilus hoffmeisteri,3
invPPfor-SL12-013-sep,Limnodrilus hoffmeisteri,3
invPPfor-SL12-014-sep,Limnodrilus hoffmeisteri,12
invPPfor-SL12-015-sep,Limnodrilus hoffmeisteri,14
invPPfor-SL12-016-sep,Limnodrilus hoffmeisteri,1
invPPfor-SL12-018-sep,Limnodrilus hoffmeisteri,1
invPPfor-SL12-019-sep,Limnodrilus hoffmeisteri,1
invPPfor-SL12-020-sep,Limnodrilus hoffmeisteri,4
invPPfor-SL12-024-sep,Limnodrilus hoffmeisteri,3
invPPfor-SL12-025-sep,Limnodrilus hoffmeisteri,5
invPPfor-SL12-030-sep,Limnodrilus hoffmeisteri,5
invPPfor-SL12-031-sep,Limnodrilus hoffmeisteri,17
invPPfor-SL12-032-sep,Limnodrilus hoffmeisteri,7
invPPfor-SL12-033-sep,Limnodrilus hoffmeisteri,1
invPPfor-SL12-036-sep,Limnodrilus hoffmeisteri,5
invPPfor-SL12-042-sep,Limnodrilus hoffmeisteri,2
invPPfor-SL12-043-sep,Limnodrilus hoffmeisteri,19
invPPfor-SL12-046-sep,Limnodrilus hoffmeisteri,9
invPPfor-SL12-047-sep,Limnodrilus hoffmeisteri,4
invPPfor-SL12-049-sep,Limnodrilus hoffmeisteri,3
invPPfor-SL12-052-sep,Limnodrilus hoffmeisteri,9
invPPfor-SL12-056-sep,Limnodrilus hoffmeisteri,3
invPPfor-SL12-057-sep,Limnodrilus hoffmeisteri,4
invPPfor-SL12-060-sep,Limnodrilus hoffmeisteri,1
invPPfor-SL12-062-sep,Limnodrilus hoffmeisteri,4
invPPfor-SL12-066-sep,Limnodrilus hoffmeisteri,18
invSWfor-SL12-096-sep,Limnodrilus hoffmeisteri,1
invSWfor-SL12-053-sep,Limnophyes,1
invSWfor-SL12-096-sep,Liodessus flavicollis,16
invSWfor-SL12-978-sep,Liodessus flavicollis,1
invPPfor-SL12-060-sep,Lumbricina,1
invPPfor-SL12-007-sep,Lumbriculidae,7
invSWfor-SL12-053-sep,Lumbriculidae,2
invSWfor-SL12-121-sep,Lymnaea reflexa,1
invSWfor-SL12-018-sep,Lymnaeidae,1
invSWfor-SL12-053-sep,Lymnaeidae,52
invSWfor-SL12-096-sep,Lymnaeidae,18
invSWfor-SL12-130-sep,Lymnaeidae,12
invSWfor-SL12-191-sep,Lymnaeidae,1
invHDfor-SL12-060-sep,MacCaffertium,1
invHDfor-SL12-023-sep,Maccaffertium terminatum,1
invHDfor-SL12-017-sep,Macronychus glabratus,1
invPPfor-SL12-002-sep,Manayunkia speciosa,53
invPPfor-SL12-003-sep,Manayunkia speciosa,1
invPPfor-SL12-004-sep,Manayunkia speciosa,87
invPPfor-SL12-006-sep,Manayunkia speciosa,3
invPPfor-SL12-007-sep,Manayunkia speciosa,1
invPPfor-SL12-008-sep,Manayunkia speciosa,5
invPPfor-SL12-009-sep,Manayunkia speciosa,7
invPPfor-SL12-012-sep,Manayunkia speciosa,1
invPPfor-SL12-015-sep,Manayunkia speciosa,6
invPPfor-SL12-016-sep,Manayunkia speciosa,22
invPPfor-SL12-018-sep,Manayunkia speciosa,5
invPPfor-SL12-019-sep,Manayunkia speciosa,40
invPPfor-SL12-020-sep,Manayunkia speciosa,2
invPPfor-SL12-023-sep,Manayunkia speciosa,48
invPPfor-SL12-024-sep,Manayunkia speciosa,3
invPPfor-SL12-025-sep,Manayunkia speciosa,15
invPPfor-SL12-029-sep,Manayunkia speciosa,2
invPPfor-SL12-031-sep,Manayunkia speciosa,1
invPPfor-SL12-034-sep,Manayunkia speciosa,10
invPPfor-SL12-040-sep,Manayunkia speciosa,3
invPPfor-SL12-041-sep,Manayunkia speciosa,10
invPPfor-SL12-042-sep,Manayunkia speciosa,1
invPPfor-SL12-043-sep,Manayunkia speciosa,3
invPPfor-SL12-045-sep,Manayunkia speciosa,5
invPPfor-SL12-047-sep,Manayunkia speciosa,1
invPPfor-SL12-049-sep,Manayunkia speciosa,1
invPPfor-SL12-051-sep,Manayunkia speciosa,5
invPPfor-SL12-052-sep,Manayunkia speciosa,7
invPPfor-SL12-053-sep,Manayunkia speciosa,1
invPPfor-SL12-054-sep,Manayunkia speciosa,2
invPPfor-SL12-056-sep,Manayunkia speciosa,88
invPPfor-SL12-059-sep,Manayunkia speciosa,3
invPPfor-SL12-061-sep,Manayunkia speciosa,7
invPPfor-SL12-062-sep,Manayunkia speciosa,3
invPPfor-SL12-063-sep,Manayunkia speciosa,1
invPPfor-SL12-070-sep,Manayunkia speciosa,1
invPPfor-SL12-073-sep,Manayunkia speciosa,1
invSWfor-SL12-011-sep,Manayunkia speciosa,5
invSWfor-SL12-012-sep,Manayunkia speciosa,1
invSWfor-SL12-292-sep,Manayunkia speciosa,1
invSWfor-SL12-012-sep,Mesovelia mulsanti,2
invSWfor-SL12-018-sep,Mesovelia mulsanti,1
invSWfor-SL12-053-sep,Mesovelia mulsanti,7
invSWfor-SL12-060-sep,Mesovelia mulsanti,7
invSWfor-SL12-096-sep,Mesovelia mulsanti,5
invSWfor-SL12-121-sep,Mesovelia mulsanti,1
invSWfor-SL12-444-sep,Mesovelia mulsanti,14
invSWfor-SL12-445-sep,Mesovelia mulsanti,17
invSWfor-SL12-121-sep,Micropsectra,2
invHDfor-SL12-021-sep,Microtendipes pedellus group,1
invSWfor-SL12-096-sep,Microtendipes pedellus group,5
invSWfor-SL12-101-sep,Microtendipes pedellus group,3
invSWfor-SL12-191-sep,Microtendipes pedellus group,2
invSWfor-SL12-096-sep,Microvelia pulchella,25
invSWfor-SL12-121-sep,Microvelia pulchella,1
invPPfor-SL12-004-sep,Mideopsis,1
invPPfor-SL12-014-sep,Mideopsis,2
invPPfor-SL12-017-sep,Mideopsis,1
invSWfor-SL12-101-sep,Mideopsis,1
invSWfor-SL12-191-sep,Mideopsis,1
invSWfor-SL12-978-sep,Mideopsis,3
invSWfor-SL12-101-sep,Muscidae,1
invSWfor-SL12-121-sep,Muscidae,2
invSWfor-SL12-444-sep,Muscidae,1
invPPfor-SL12-030-sep,Musculium,2
invPPfor-SL12-006-sep,Mystacides,2
invSWfor-SL12-444-sep,Mystacides interjectus,1
invPPfor-SL12-012-sep,Naididae,1
invHDfor-SL12-007-sep,Naidinae,22
invHDfor-SL12-008-sep,Naidinae,7
invHDfor-SL12-010-sep,Naidinae,12
invHDfor-SL12-011-sep,Naidinae,4
invHDfor-SL12-014-sep,Naidinae,5
invHDfor-SL12-017-sep,Naidinae,5
invHDfor-SL12-018-sep,Naidinae,4
invHDfor-SL12-021-sep,Naidinae,12
invHDfor-SL12-022-sep,Naidinae,4
invHDfor-SL12-023-sep,Naidinae,4
invHDfor-SL12-030-sep,Naidinae,14
invHDfor-SL12-031-sep,Naidinae,8
invHDfor-SL12-033-sep,Naidinae,10
invHDfor-SL12-034-sep,Naidinae,16
invHDfor-SL12-044-sep,Naidinae,8
invHDfor-SL12-053-sep,Naidinae,6
invHDfor-SL12-057-sep,Naidinae,12
invHDfor-SL12-060-sep,Naidinae,16
invPPfor-SL12-012-sep,Naidinae,2
invSWfor-SL12-011-sep,Naidinae,1
invSWfor-SL12-012-sep,Naidinae,1
invSWfor-SL12-053-sep,Naidinae,1149
invSWfor-SL12-060-sep,Naidinae,33
invSWfor-SL12-096-sep,Naidinae,52
invSWfor-SL12-101-sep,Naidinae,9
invSWfor-SL12-121-sep,Naidinae,1450
invSWfor-SL12-130-sep,Naidinae,6
invSWfor-SL12-191-sep,Naidinae,14
invSWfor-SL12-445-sep,Naidinae,1
invSWfor-SL12-557-sep,Naidinae,5
invSWfor-SL12-978-sep,Naidinae,4
invSWfor-SL12-445-sep,Naidinae W/O proboscis,54
invSWfor-SL12-096-sep,Naidinae with proboscis,475
invSWfor-SL12-101-sep,Naidinae with proboscis,426
invSWfor-SL12-130-sep,Naidinae with proboscis,403
invSWfor-SL12-191-sep,Naidinae with proboscis,90
invSWfor-SL12-445-sep,Naidinae with proboscis,647
invSWfor-SL12-978-sep,Naidinae with proboscis,183
invHDfor-SL12-007-sep,Nais,25
invHDfor-SL12-008-sep,Nais,12
invHDfor-SL12-010-sep,Nais,7
invHDfor-SL12-011-sep,Nais,9
invHDfor-SL12-014-sep,Nais,5
invHDfor-SL12-017-sep,Nais,8
invHDfor-SL12-018-sep,Nais,13
invHDfor-SL12-021-sep,Nais,4
invHDfor-SL12-022-sep,Nais,2
invHDfor-SL12-023-sep,Nais,18
invHDfor-SL12-030-sep,Nais,5
invHDfor-SL12-034-sep,Nais,1
invHDfor-SL12-044-sep,Nais,6
invHDfor-SL12-057-sep,Nais,15
invHDfor-SL12-060-sep,Nais,4
invSWfor-SL12-012-sep,Nais,3
invSWfor-SL12-053-sep,Nais,36
invSWfor-SL12-096-sep,Nais,3
invSWfor-SL12-121-sep,Nais,21
invSWfor-SL12-130-sep,Nais,28
invSWfor-SL12-191-sep,Nais,4
invSWfor-SL12-557-sep,Nais,3
invHDfor-SL12-008-sep,Nais barbata,1
invHDfor-SL12-010-sep,Nais barbata,1
invHDfor-SL12-011-sep,Nais barbata,6
invHDfor-SL12-014-sep,Nais barbata,9
invHDfor-SL12-017-sep,Nais barbata,17
invHDfor-SL12-018-sep,Nais barbata,8
invHDfor-SL12-021-sep,Nais barbata,6
invHDfor-SL12-022-sep,Nais barbata,8
invHDfor-SL12-023-sep,Nais barbata,1
invHDfor-SL12-030-sep,Nais barbata,66
invHDfor-SL12-031-sep,Nais barbata,13
invHDfor-SL12-033-sep,Nais barbata,4
invHDfor-SL12-034-sep,Nais barbata,7
invHDfor-SL12-044-sep,Nais barbata,2
invHDfor-SL12-053-sep,Nais barbata,1
invHDfor-SL12-057-sep,Nais barbata,2
invHDfor-SL12-034-sep,Nais behningi,2
invHDfor-SL12-008-sep,Nais bretscheri,2
invHDfor-SL12-014-sep,Nais bretscheri,1
invHDfor-SL12-021-sep,Nais bretscheri,1
invHDfor-SL12-030-sep,Nais bretscheri,1
invHDfor-SL12-031-sep,Nais bretscheri,10
invHDfor-SL12-044-sep,Nais bretscheri,3
invHDfor-SL12-057-sep,Nais bretscheri,2
invSWfor-SL12-130-sep,Nais bretscheri,1
invSWfor-SL12-191-sep,Nais bretscheri,1
invHDfor-SL12-008-sep,Nais communis,1
invHDfor-SL12-031-sep,Nais communis,1
invSWfor-SL12-011-sep,Nais communis,1
invSWfor-SL12-121-sep,Nais communis,1
invHDfor-SL12-057-sep,Nais elinguis,1
invSWfor-SL12-053-sep,Nais elinguis,5
invSWfor-SL12-191-sep,Nais elinguis,5
invHDfor-SL12-034-sep,Nais pseudobtusa,1
invHDfor-SL12-057-sep,Nais pseudobtusa,2
invHDfor-SL12-007-sep,Nais simplex,8
invHDfor-SL12-008-sep,Nais simplex,7
invHDfor-SL12-010-sep,Nais simplex,1
invHDfor-SL12-011-sep,Nais simplex,2
invHDfor-SL12-017-sep,Nais simplex,2
invHDfor-SL12-018-sep,Nais simplex,7
invHDfor-SL12-030-sep,Nais simplex,3
invHDfor-SL12-034-sep,Nais simplex,2
invHDfor-SL12-053-sep,Nais simplex,2
invHDfor-SL12-057-sep,Nais simplex,2
invHDfor-SL12-060-sep,Nais simplex,15
invSWfor-SL12-063-sep,Nais simplex,1
invSWfor-SL12-101-sep,Nais simplex,1
invSWfor-SL12-121-sep,Nais simplex,2
invSWfor-SL12-130-sep,Nais simplex,10
invSWfor-SL12-191-sep,Nais simplex,2
invHDfor-SL12-007-sep,Nais variabilis,129
invHDfor-SL12-008-sep,Nais variabilis,56
invHDfor-SL12-010-sep,Nais variabilis,109
invHDfor-SL12-011-sep,Nais variabilis,29
invHDfor-SL12-014-sep,Nais variabilis,13
invHDfor-SL12-017-sep,Nais variabilis,21
invHDfor-SL12-018-sep,Nais variabilis,53
invHDfor-SL12-021-sep,Nais variabilis,34
invHDfor-SL12-022-sep,Nais variabilis,12
invHDfor-SL12-023-sep,Nais variabilis,47
invHDfor-SL12-030-sep,Nais variabilis,72
invHDfor-SL12-031-sep,Nais variabilis,186
invHDfor-SL12-033-sep,Nais variabilis,18
invHDfor-SL12-034-sep,Nais variabilis,56
invHDfor-SL12-044-sep,Nais variabilis,47
invHDfor-SL12-053-sep,Nais variabilis,15
invHDfor-SL12-057-sep,Nais variabilis,78
invHDfor-SL12-060-sep,Nais variabilis,52
invPPfor-SL12-018-sep,Nais variabilis,1
invPPfor-SL12-050-sep,Nais variabilis,3
invPPfor-SL12-057-sep,Nais variabilis,5
invSWfor-SL12-011-sep,Nais variabilis,7
invSWfor-SL12-012-sep,Nais variabilis,8
invSWfor-SL12-053-sep,Nais variabilis,55
invSWfor-SL12-060-sep,Nais variabilis,1
invSWfor-SL12-096-sep,Nais variabilis,26
invSWfor-SL12-101-sep,Nais variabilis,17
invSWfor-SL12-121-sep,Nais variabilis,68
invSWfor-SL12-130-sep,Nais variabilis,100
invSWfor-SL12-191-sep,Nais variabilis,10
invSWfor-SL12-292-sep,Nais variabilis,1
invSWfor-SL12-444-sep,Nais variabilis,10
invSWfor-SL12-445-sep,Nais variabilis,11
invSWfor-SL12-557-sep,Nais variabilis,52
invSWfor-SL12-978-sep,Nais variabilis,14
invHDfor-SL12-021-sep,Nais/Dero,24
invHDfor-SL12-033-sep,Nais/Dero,23
invHDfor-SL12-011-sep,Nanocladius,1
invHDfor-SL12-030-sep,Nanocladius,1
invHDfor-SL12-031-sep,Nanocladius,1
invHDfor-SL12-034-sep,Nanocladius,1
invHDfor-SL12-057-sep,Nanocladius,3
invSWfor-SL12-101-sep,Nanocladius balticus group,1
invHDfor-SL12-017-sep,Nematoda,1
invPPfor-SL12-002-sep,Nematoda,35
invPPfor-SL12-004-sep,Nematoda,52
invPPfor-SL12-005-sep,Nematoda,7
invPPfor-SL12-006-sep,Nematoda,44
invPPfor-SL12-008-sep,Nematoda,3
invPPfor-SL12-009-sep,Nematoda,21
invPPfor-SL12-010-sep,Nematoda,3
invPPfor-SL12-011-sep,Nematoda,13
invPPfor-SL12-012-sep,Nematoda,57
invPPfor-SL12-013-sep,Nematoda,26
invPPfor-SL12-014-sep,Nematoda,333
invPPfor-SL12-015-sep,Nematoda,34
invPPfor-SL12-016-sep,Nematoda,18
invPPfor-SL12-017-sep,Nematoda,8
invPPfor-SL12-018-sep,Nematoda,23
invPPfor-SL12-019-sep,Nematoda,6
invPPfor-SL12-020-sep,Nematoda,3
invPPfor-SL12-022-sep,Nematoda,7
invPPfor-SL12-023-sep,Nematoda,23
invPPfor-SL12-024-sep,Nematoda,6
invPPfor-SL12-025-sep,Nematoda,6
invPPfor-SL12-026-sep,Nematoda,28
invPPfor-SL12-030-sep,Nematoda,5
invPPfor-SL12-031-sep,Nematoda,6
invPPfor-SL12-032-sep,Nematoda,9
invPPfor-SL12-033-sep,Nematoda,19
invPPfor-SL12-034-sep,Nematoda,2
invPPfor-SL12-035-sep,Nematoda,4
invPPfor-SL12-036-sep,Nematoda,47
invPPfor-SL12-039-sep,Nematoda,25
invPPfor-SL12-041-sep,Nematoda,2
invPPfor-SL12-042-sep,Nematoda,6
invPPfor-SL12-043-sep,Nematoda,42
invPPfor-SL12-044-sep,Nematoda,38
invPPfor-SL12-046-sep,Nematoda,34
invPPfor-SL12-047-sep,Nematoda,9
invPPfor-SL12-048-sep,Nematoda,35
invPPfor-SL12-049-sep,Nematoda,7
invPPfor-SL12-050-sep,Nematoda,1
invPPfor-SL12-051-sep,Nematoda,5
invPPfor-SL12-052-sep,Nematoda,8
invPPfor-SL12-054-sep,Nematoda,1
invPPfor-SL12-056-sep,Nematoda,38
invPPfor-SL12-059-sep,Nematoda,12
invPPfor-SL12-060-sep,Nematoda,21
invPPfor-SL12-061-sep,Nematoda,2
invPPfor-SL12-062-sep,Nematoda,8
invPPfor-SL12-066-sep,Nematoda,48
invPPfor-SL12-070-sep,Nematoda,33
invPPfor-SL12-073-sep,Nematoda,5
invSWfor-SL12-011-sep,Nematoda,8
invSWfor-SL12-012-sep,Nematoda,7
invSWfor-SL12-053-sep,Nematoda,30
invSWfor-SL12-063-sep,Nematoda,1
invSWfor-SL12-101-sep,Nematoda,3
invSWfor-SL12-292-sep,Nematoda,6
invSWfor-SL12-557-sep,Nematoda,2
invSWfor-SL12-012-sep,Neoplea striola,22
invSWfor-SL12-018-sep,Neoplea striola,5
invSWfor-SL12-060-sep,Neoplea striola,21
invSWfor-SL12-096-sep,Neoplea striola,24
invSWfor-SL12-101-sep,Neoplea striola,5
invSWfor-SL12-121-sep,Neoplea striola,14
invSWfor-SL12-191-sep,Neoplea striola,44
invSWfor-SL12-444-sep,Neoplea striola,3
invSWfor-SL12-445-sep,Neoplea striola,148
invSWfor-SL12-557-sep,Neoplea striola,1
invSWfor-SL12-978-sep,Neoplea striola,3
invPPfor-SL12-006-sep,Nephelopsis obscura,1
invPPfor-SL12-012-sep,Neumania,1
invSWfor-SL12-096-sep,Neumania,7
invSWfor-SL12-101-sep,Neumania,1
invSWfor-SL12-121-sep,Neumania,3
invHDfor-SL12-007-sep,Neureclipsis,4
invHDfor-SL12-010-sep,Neureclipsis,4
invHDfor-SL12-011-sep,Neureclipsis,3
invHDfor-SL12-018-sep,Neureclipsis,12
invHDfor-SL12-023-sep,Neureclipsis,9
invHDfor-SL12-033-sep,Neureclipsis,2
invHDfor-SL12-044-sep,Neureclipsis,2
invHDfor-SL12-053-sep,Neureclipsis,4
invHDfor-SL12-060-sep,Neureclipsis,11
invSWfor-SL12-130-sep,Neureclipsis bimaculata,8
invPPfor-SL12-033-sep,Noctuidae,1
invSWfor-SL12-060-sep,Notonecta lunata,2
invSWfor-SL12-096-sep,Notonecta lunata,2
invSWfor-SL12-101-sep,Notonecta lunata,1
invSWfor-SL12-121-sep,Notonecta lunata,3
invSWfor-SL12-191-sep,Notonecta lunata,3
invSWfor-SL12-445-sep,Notonecta lunata,2
invSWfor-SL12-101-sep,Notonecta undulata,1
invSWfor-SL12-121-sep,Notonecta undulata,8
invSWfor-SL12-191-sep,Notonecta undulata,2
invSWfor-SL12-121-sep,Notonectidae,3
invSWfor-SL12-096-sep,Odontomyia/Hedriodiscus,2
invSWfor-SL12-191-sep,Odontomyia/Hedriodiscus,1
invHDfor-SL12-017-sep,Oecetis,2
invHDfor-SL12-033-sep,Oecetis,1
invPPfor-SL12-001-sep,Oecetis,2
invPPfor-SL12-003-sep,Oecetis,1
invPPfor-SL12-006-sep,Oecetis,2
invPPfor-SL12-008-sep,Oecetis,1
invPPfor-SL12-009-sep,Oecetis,2
invPPfor-SL12-010-sep,Oecetis,2
invPPfor-SL12-014-sep,Oecetis,14
invPPfor-SL12-015-sep,Oecetis,7
invPPfor-SL12-017-sep,Oecetis,1
invPPfor-SL12-018-sep,Oecetis,1
invPPfor-SL12-019-sep,Oecetis,1
invPPfor-SL12-020-sep,Oecetis,1
invPPfor-SL12-023-sep,Oecetis,4
invPPfor-SL12-025-sep,Oecetis,3
invPPfor-SL12-029-sep,Oecetis,1
invPPfor-SL12-030-sep,Oecetis,4
invPPfor-SL12-033-sep,Oecetis,2
invPPfor-SL12-042-sep,Oecetis,1
invPPfor-SL12-043-sep,Oecetis,3
invPPfor-SL12-044-sep,Oecetis,1
invPPfor-SL12-048-sep,Oecetis,1
invPPfor-SL12-049-sep,Oecetis,1
invPPfor-SL12-054-sep,Oecetis,2
invPPfor-SL12-056-sep,Oecetis,2
invPPfor-SL12-059-sep,Oecetis,1
invPPfor-SL12-060-sep,Oecetis,1
invPPfor-SL12-061-sep,Oecetis,1
invPPfor-SL12-062-sep,Oecetis,3
invSWfor-SL12-011-sep,Oecetis,1
invSWfor-SL12-018-sep,Oecetis,1
invSWfor-SL12-053-sep,Oecetis,24
invSWfor-SL12-101-sep,Oecetis,1
invSWfor-SL12-121-sep,Oecetis,14
invSWfor-SL12-130-sep,Oecetis,2
invSWfor-SL12-292-sep,Oecetis,2
invSWfor-SL12-978-sep,Oecetis,1
invSWfor-SL12-012-sep,Oecetis cinerascens,1
invSWfor-SL12-121-sep,Oecetis cinerascens,4
invSWfor-SL12-130-sep,Oecetis cinerascens,1
invSWfor-SL12-191-sep,Oecetis cinerascens,33
invSWfor-SL12-444-sep,Oecetis cinerascens,19
invSWfor-SL12-445-sep,Oecetis cinerascens,6
invSWfor-SL12-096-sep,Oecetis inconspicua complex sp. A,2
invSWfor-SL12-101-sep,Oecetis inconspicua complex sp. A,5
invSWfor-SL12-191-sep,Oecetis inconspicua complex sp. A,4
invSWfor-SL12-978-sep,Oecetis inconspicua complex sp. A,5
invSWfor-SL12-096-sep,Oecetis inconspicua complex sp. E,5
invSWfor-SL12-191-sep,Oecetis inconspicua complex sp. E,7
invSWfor-SL12-096-sep,Oecetis nocturna,2
invSWfor-SL12-096-sep,Oecetis persimilis,5
invPPfor-SL12-002-sep,Oligochaeta,33
invPPfor-SL12-007-sep,Oligochaeta,1
invPPfor-SL12-009-sep,Oligochaeta,2
invPPfor-SL12-013-sep,Oligochaeta,7
invPPfor-SL12-016-sep,Oligochaeta,3
invPPfor-SL12-030-sep,Oligochaeta,1
invPPfor-SL12-035-sep,Oligochaeta,1
invPPfor-SL12-042-sep,Oligochaeta,6
invPPfor-SL12-045-sep,Oligochaeta,1
invPPfor-SL12-046-sep,Oligochaeta,3
invPPfor-SL12-052-sep,Oligochaeta,4
invPPfor-SL12-056-sep,Oligochaeta,2
invPPfor-SL12-059-sep,Oligochaeta,1
invPPfor-SL12-062-sep,Oligochaeta,2
invPPfor-SL12-066-sep,Oligochaeta,12
invSWfor-SL12-011-sep,Oligochaeta,38
invSWfor-SL12-053-sep,Oligochaeta,1654
invSWfor-SL12-060-sep,Oligochaeta,13
invSWfor-SL12-096-sep,Oligochaeta,375
invSWfor-SL12-101-sep,Oligochaeta,174
invSWfor-SL12-121-sep,Oligochaeta,2282
invSWfor-SL12-130-sep,Oligochaeta,614
invSWfor-SL12-191-sep,Oligochaeta,268
invSWfor-SL12-978-sep,Oligochaeta,87
invSWfor-SL12-053-sep,Ophidonais serpentina,1
invSWfor-SL12-096-sep,Ophidonais serpentina,1
invSWfor-SL12-121-sep,Ophidonais serpentina,186
invHDfor-SL12-008-sep,Orthocladiinae,2
invHDfor-SL12-014-sep,Orthocladiinae,1
invHDfor-SL12-017-sep,Orthocladiinae,7
invHDfor-SL12-022-sep,Orthocladiinae,1
invHDfor-SL12-023-sep,Orthocladiinae,2
invHDfor-SL12-031-sep,Orthocladiinae,1
invHDfor-SL12-033-sep,Orthocladiinae,1
invHDfor-SL12-057-sep,Orthocladiinae,1
invHDfor-SL12-060-sep,Orthocladiinae,2
invSWfor-SL12-011-sep,Orthocladiinae,232
invSWfor-SL12-053-sep,Orthocladiinae,106
invSWfor-SL12-060-sep,Orthocladiinae,132
invSWfor-SL12-096-sep,Orthocladiinae,106
invSWfor-SL12-101-sep,Orthocladiinae,260
invSWfor-SL12-130-sep,Orthocladiinae,48
invSWfor-SL12-191-sep,Orthocladiinae,68
invSWfor-SL12-444-sep,Orthocladiinae,1
invSWfor-SL12-445-sep,Orthocladiinae,20
invSWfor-SL12-978-sep,Orthocladiinae,864
invPPfor-SL12-017-sep,Orthocladiinae sp. C,1
invPPfor-SL12-041-sep,Orthocladiinae sp. C,1
invHDfor-SL12-030-sep,Orthocladius,1
invSWfor-SL12-012-sep,Orthocladius,1
invSWfor-SL12-012-sep,Orthotrichia,1
invSWfor-SL12-096-sep,Orthotrichia,8
invSWfor-SL12-121-sep,Orthotrichia,5
invSWfor-SL12-978-sep,Orthotrichia,191
invSWfor-SL12-101-sep,Oxus,2
invSWfor-SL12-121-sep,Oxus,4
invSWfor-SL12-012-sep,Oxyethira,1
invSWfor-SL12-053-sep,Oxyethira,3
invSWfor-SL12-096-sep,Oxyethira,136
invSWfor-SL12-101-sep,Oxyethira,2
invSWfor-SL12-121-sep,Oxyethira,1
invSWfor-SL12-191-sep,Oxyethira,14
invSWfor-SL12-445-sep,Oxyethira,10
invSWfor-SL12-978-sep,Oxyethira,7
invPPfor-SL12-004-sep,Pagastiella,1
invPPfor-SL12-017-sep,Pagastiella,1
invPPfor-SL12-052-sep,Pagastiella,1
invPPfor-SL12-062-sep,Pagastiella,1
invSWfor-SL12-292-sep,Pagastiella,1
invSWfor-SL12-018-sep,Palmacorixa buenoi,6
invSWfor-SL12-444-sep,Palmacorixa buenoi,4
invSWfor-SL12-130-sep,Palmacorixa nana,3
invHDfor-SL12-011-sep,Parachironomus,1
invHDfor-SL12-030-sep,Parachironomus,2
invSWfor-SL12-053-sep,Parachironomus,2
invHDfor-SL12-007-sep,Parachironomus tenuicaudatus complex,1
invHDfor-SL12-008-sep,Parachironomus tenuicaudatus complex,1
invHDfor-SL12-010-sep,Parachironomus tenuicaudatus complex,3
invHDfor-SL12-011-sep,Parachironomus tenuicaudatus complex,5
invHDfor-SL12-014-sep,Parachironomus tenuicaudatus complex,14
invHDfor-SL12-017-sep,Parachironomus tenuicaudatus complex,6
invHDfor-SL12-018-sep,Parachironomus tenuicaudatus complex,1
invHDfor-SL12-021-sep,Parachironomus tenuicaudatus complex,6
invHDfor-SL12-022-sep,Parachironomus tenuicaudatus complex,4
invHDfor-SL12-023-sep,Parachironomus tenuicaudatus complex,1
invHDfor-SL12-030-sep,Parachironomus tenuicaudatus complex,8
invHDfor-SL12-031-sep,Parachironomus tenuicaudatus complex,6
invHDfor-SL12-033-sep,Parachironomus tenuicaudatus complex,3
invHDfor-SL12-034-sep,Parachironomus tenuicaudatus complex,11
invHDfor-SL12-044-sep,Parachironomus tenuicaudatus complex,2
invHDfor-SL12-053-sep,Parachironomus tenuicaudatus complex,4
invHDfor-SL12-057-sep,Parachironomus tenuicaudatus complex,2
invSWfor-SL12-121-sep,Parachironomus tenuicaudatus complex,6
invSWfor-SL12-292-sep,Parachironomus tenuicaudatus complex,1
invSWfor-SL12-444-sep,Parachironomus tenuicaudatus complex,1
invSWfor-SL12-445-sep,Parachironomus tenuicaudatus complex,1
invHDfor-SL12-008-sep,Paracloeodes,1
invHDfor-SL12-008-sep,Parakiefferiella,2
invHDfor-SL12-022-sep,Parakiefferiella,1
invHDfor-SL12-030-sep,Parakiefferiella,2
invHDfor-SL12-033-sep,Parakiefferiella,1
invHDfor-SL12-034-sep,Parakiefferiella,1
invSWfor-SL12-053-sep,Parakiefferiella,1
invSWfor-SL12-292-sep,Parakiefferiella,2
invHDfor-SL12-057-sep,Parametriocnemus,1
invSWfor-SL12-978-sep,Paraponyx,2
invHDfor-SL12-008-sep,Paratanytarsus,2
invHDfor-SL12-017-sep,Paratanytarsus,5
invHDfor-SL12-021-sep,Paratanytarsus,7
invHDfor-SL12-022-sep,Paratanytarsus,2
invHDfor-SL12-031-sep,Paratanytarsus,8
invHDfor-SL12-033-sep,Paratanytarsus,1
invHDfor-SL12-044-sep,Paratanytarsus,40
invHDfor-SL12-057-sep,Paratanytarsus,3
invSWfor-SL12-012-sep,Paratanytarsus,3
invSWfor-SL12-053-sep,Paratanytarsus,2
invSWfor-SL12-096-sep,Paratanytarsus,19
invSWfor-SL12-101-sep,Paratanytarsus,8
invSWfor-SL12-121-sep,Paratanytarsus,197
invSWfor-SL12-191-sep,Paratanytarsus,3
invSWfor-SL12-292-sep,Paratanytarsus,1
invSWfor-SL12-445-sep,Paratanytarsus,3
invSWfor-SL12-557-sep,Paratanytarsus,3
invSWfor-SL12-978-sep,Paratanytarsus,4
invSWfor-SL12-011-sep,Peltodytes edentulus,1
invSWfor-SL12-012-sep,Peltodytes edentulus,3
invSWfor-SL12-053-sep,Peltodytes edentulus,1
invSWfor-SL12-096-sep,Peltodytes edentulus,10
invSWfor-SL12-101-sep,Peltodytes edentulus,1
invSWfor-SL12-121-sep,Peltodytes edentulus,22
invSWfor-SL12-191-sep,Peltodytes edentulus,3
invSWfor-SL12-012-sep,Peltodytes tortulosus,1
invSWfor-SL12-130-sep,Perlodidae,1
invPPfor-SL12-044-sep,Phaenopsectra,1
invHDfor-SL12-011-sep,Phaenopsectra punctipes group,1
invHDfor-SL12-053-sep,Phaenopsectra punctipes group,1
invPPfor-SL12-024-sep,Phaenopsectra/Tribelos,1
invSWfor-SL12-096-sep,Phryganea,17
invSWfor-SL12-101-sep,Phryganea,3
invSWfor-SL12-130-sep,Phryganea,1
invSWfor-SL12-191-sep,Phryganea,3
invSWfor-SL12-121-sep,Phryganeidae,3
invPPfor-SL12-001-sep,Phylocentropus,4
invPPfor-SL12-004-sep,Phylocentropus,3
invPPfor-SL12-013-sep,Phylocentropus,9
invPPfor-SL12-014-sep,Phylocentropus,4
invPPfor-SL12-018-sep,Phylocentropus,2
invPPfor-SL12-020-sep,Phylocentropus,3
invPPfor-SL12-023-sep,Phylocentropus,1
invPPfor-SL12-024-sep,Phylocentropus,6
invPPfor-SL12-030-sep,Phylocentropus,3
invPPfor-SL12-040-sep,Phylocentropus,7
invPPfor-SL12-041-sep,Phylocentropus,1
invPPfor-SL12-044-sep,Phylocentropus,1
invPPfor-SL12-048-sep,Phylocentropus,1
invPPfor-SL12-049-sep,Phylocentropus,1
invPPfor-SL12-052-sep,Phylocentropus,1
invPPfor-SL12-059-sep,Phylocentropus,1
invPPfor-SL12-066-sep,Phylocentropus,2
invPPfor-SL12-070-sep,Phylocentropus,1
invSWfor-SL12-121-sep,Phylocentropus,1
invSWfor-SL12-978-sep,Phylocentropus,1
invHDfor-SL12-018-sep,Physa,10
invSWfor-SL12-012-sep,Physa,23
invSWfor-SL12-018-sep,Physa,289
invSWfor-SL12-053-sep,Physa,57
invSWfor-SL12-096-sep,Physa,158
invSWfor-SL12-101-sep,Physa,8
invSWfor-SL12-121-sep,Physa,461
invSWfor-SL12-130-sep,Physa,14
invSWfor-SL12-191-sep,Physa,73
invSWfor-SL12-444-sep,Physa,19
invSWfor-SL12-445-sep,Physa,3
invSWfor-SL12-557-sep,Physa,1
invSWfor-SL12-978-sep,Physa,6
invPPfor-SL12-023-sep,Piguetiella blanci,1
invPPfor-SL12-060-sep,Piguetiella michiganensis,1
invSWfor-SL12-012-sep,Piona,4
invSWfor-SL12-053-sep,Piona,4
invSWfor-SL12-096-sep,Piona,5
invSWfor-SL12-101-sep,Piona,2
invSWfor-SL12-121-sep,Piona,43
invSWfor-SL12-292-sep,Piona,1
invSWfor-SL12-978-sep,Piona,1
invPPfor-SL12-001-sep,Pisidiidae,8
invPPfor-SL12-002-sep,Pisidiidae,47
invPPfor-SL12-004-sep,Pisidiidae,12
invPPfor-SL12-007-sep,Pisidiidae,15
invPPfor-SL12-010-sep,Pisidiidae,8
invPPfor-SL12-014-sep,Pisidiidae,6
invPPfor-SL12-022-sep,Pisidiidae,2
invPPfor-SL12-039-sep,Pisidiidae,2
invPPfor-SL12-044-sep,Pisidiidae,1
invPPfor-SL12-045-sep,Pisidiidae,1
invPPfor-SL12-054-sep,Pisidiidae,4
invPPfor-SL12-061-sep,Pisidiidae,1
invSWfor-SL12-011-sep,Pisidiidae,4
invSWfor-SL12-012-sep,Pisidiidae,5
invSWfor-SL12-053-sep,Pisidiidae,44
invSWfor-SL12-121-sep,Pisidiidae,19
invSWfor-SL12-292-sep,Pisidiidae,11
invSWfor-SL12-978-sep,Pisidiidae,3
invPPfor-SL12-005-sep,Pisidium,62
invPPfor-SL12-006-sep,Pisidium,329
invPPfor-SL12-009-sep,Pisidium,12
invPPfor-SL12-011-sep,Pisidium,3
invPPfor-SL12-012-sep,Pisidium,1
invPPfor-SL12-013-sep,Pisidium,29
invPPfor-SL12-015-sep,Pisidium,4
invPPfor-SL12-016-sep,Pisidium,10
invPPfor-SL12-017-sep,Pisidium,4
invPPfor-SL12-019-sep,Pisidium,6
invPPfor-SL12-023-sep,Pisidium,12
invPPfor-SL12-025-sep,Pisidium,13
invPPfor-SL12-026-sep,Pisidium,4
invPPfor-SL12-031-sep,Pisidium,25
invPPfor-SL12-035-sep,Pisidium,1
invPPfor-SL12-036-sep,Pisidium,33
invPPfor-SL12-042-sep,Pisidium,17
invPPfor-SL12-046-sep,Pisidium,21
invPPfor-SL12-047-sep,Pisidium,22
invPPfor-SL12-051-sep,Pisidium,13
invPPfor-SL12-052-sep,Pisidium,26
invPPfor-SL12-056-sep,Pisidium,35
invPPfor-SL12-059-sep,Pisidium,28
invPPfor-SL12-060-sep,Pisidium,5
invPPfor-SL12-062-sep,Pisidium,6
invPPfor-SL12-066-sep,Pisidium,183
invPPfor-SL12-070-sep,Pisidium,1
invSWfor-SL12-063-sep,Pisidium,27
invSWfor-SL12-096-sep,Pisidium,1
invSWfor-SL12-101-sep,Pisidium,2
invSWfor-SL12-130-sep,Pisidium,3
invSWfor-SL12-191-sep,Pisidium,5
invPPfor-SL12-004-sep,Pisidium amnicum,2
invPPfor-SL12-006-sep,Pisidium amnicum,1
invPPfor-SL12-031-sep,Pisidium amnicum,2
invPPfor-SL12-056-sep,Pisidium amnicum,1
invPPfor-SL12-031-sep,Pisidium casertanum,1
invPPfor-SL12-043-sep,Pisidium casertanum,10
invPPfor-SL12-012-sep,Pisidium compressum,1
invPPfor-SL12-006-sep,Pisidium conventus,8
invPPfor-SL12-043-sep,Pisidium conventus,2
invPPfor-SL12-002-sep,Pisidium henslowanum,5
invPPfor-SL12-004-sep,Pisidium henslowanum,2
invPPfor-SL12-005-sep,Pisidium henslowanum,9
invPPfor-SL12-006-sep,Pisidium henslowanum,42
invPPfor-SL12-025-sep,Pisidium henslowanum,8
invPPfor-SL12-043-sep,Pisidium henslowanum,18
invPPfor-SL12-056-sep,Pisidium henslowanum,5
invPPfor-SL12-035-sep,Pisidium nitidum,1
invPPfor-SL12-006-sep,Pisidium supinum,2
invSWfor-SL12-012-sep,Planorbidae,7
invSWfor-SL12-053-sep,Planorbidae,35
invSWfor-SL12-060-sep,Planorbidae,8
invSWfor-SL12-063-sep,Planorbidae,1
invSWfor-SL12-096-sep,Planorbidae,209
invSWfor-SL12-101-sep,Planorbidae,30
invSWfor-SL12-121-sep,Planorbidae,1471
invSWfor-SL12-130-sep,Planorbidae,6
invSWfor-SL12-191-sep,Planorbidae,101
invSWfor-SL12-978-sep,Planorbidae,37
invSWfor-SL12-121-sep,Planorbula armigera,1
invHDfor-SL12-007-sep,Platyhelminthes,1
invHDfor-SL12-011-sep,Platyhelminthes,2
invHDfor-SL12-021-sep,Platyhelminthes,3
invHDfor-SL12-023-sep,Platyhelminthes,2
invHDfor-SL12-031-sep,Platyhelminthes,5
invPPfor-SL12-004-sep,Platyhelminthes,1
invPPfor-SL12-006-sep,Platyhelminthes,49
invPPfor-SL12-007-sep,Platyhelminthes,3
invPPfor-SL12-014-sep,Platyhelminthes,1
invPPfor-SL12-015-sep,Platyhelminthes,2
invPPfor-SL12-016-sep,Platyhelminthes,8
invPPfor-SL12-018-sep,Platyhelminthes,3
invPPfor-SL12-019-sep,Platyhelminthes,10
invPPfor-SL12-023-sep,Platyhelminthes,2
invPPfor-SL12-025-sep,Platyhelminthes,1
invPPfor-SL12-029-sep,Platyhelminthes,2
invPPfor-SL12-032-sep,Platyhelminthes,1
invPPfor-SL12-036-sep,Platyhelminthes,1
invPPfor-SL12-043-sep,Platyhelminthes,1
invPPfor-SL12-051-sep,Platyhelminthes,3
invPPfor-SL12-052-sep,Platyhelminthes,10
invPPfor-SL12-056-sep,Platyhelminthes,6
invPPfor-SL12-059-sep,Platyhelminthes,1
invPPfor-SL12-066-sep,Platyhelminthes,1
invSWfor-SL12-011-sep,Platyhelminthes,1
invSWfor-SL12-012-sep,Platyhelminthes,21
invSWfor-SL12-018-sep,Platyhelminthes,1
invSWfor-SL12-053-sep,Platyhelminthes,1
invSWfor-SL12-060-sep,Platyhelminthes,12
invSWfor-SL12-096-sep,Platyhelminthes,15
invSWfor-SL12-101-sep,Platyhelminthes,490
invSWfor-SL12-121-sep,Platyhelminthes,162
invSWfor-SL12-130-sep,Platyhelminthes,12
invSWfor-SL12-191-sep,Platyhelminthes,156
invSWfor-SL12-444-sep,Platyhelminthes,42
invSWfor-SL12-445-sep,Platyhelminthes,395
invSWfor-SL12-978-sep,Platyhelminthes,248
invHDfor-SL12-007-sep,Polycentropodidae,1
invHDfor-SL12-008-sep,Polycentropodidae,1
invHDfor-SL12-010-sep,Polycentropodidae,2
invHDfor-SL12-017-sep,Polycentropodidae,2
invHDfor-SL12-018-sep,Polycentropodidae,6
invHDfor-SL12-023-sep,Polycentropodidae,2
invHDfor-SL12-033-sep,Polycentropodidae,1
invSWfor-SL12-101-sep,Polycentropodidae,4
invHDfor-SL12-007-sep,Polycentropus,1
invHDfor-SL12-022-sep,Polycentropus,5
invSWfor-SL12-096-sep,Polycentropus,1
invSWfor-SL12-121-sep,Polycentropus,5
invSWfor-SL12-978-sep,Polycentropus,5
invHDfor-SL12-007-sep,Polypedilum,7
invHDfor-SL12-008-sep,Polypedilum,6
invHDfor-SL12-010-sep,Polypedilum,4
invHDfor-SL12-011-sep,Polypedilum,6
invHDfor-SL12-017-sep,Polypedilum,2
invHDfor-SL12-018-sep,Polypedilum,2
invHDfor-SL12-023-sep,Polypedilum,7
invHDfor-SL12-030-sep,Polypedilum,1
invHDfor-SL12-033-sep,Polypedilum,6
invHDfor-SL12-034-sep,Polypedilum,4
invHDfor-SL12-044-sep,Polypedilum,1
invHDfor-SL12-053-sep,Polypedilum,4
invHDfor-SL12-060-sep,Polypedilum,14
invSWfor-SL12-018-sep,Polypedilum,1
invSWfor-SL12-060-sep,Polypedilum,4
invSWfor-SL12-121-sep,Polypedilum,6
invSWfor-SL12-444-sep,Polypedilum,1
invSWfor-SL12-445-sep,Polypedilum,7
invSWfor-SL12-053-sep,Polypedilum braseniae,1
invSWfor-SL12-060-sep,Polypedilum epleri,1
invHDfor-SL12-057-sep,Polypedilum flavum,1
invPPfor-SL12-026-sep,Polypedilum halterale group,2
invPPfor-SL12-045-sep,Polypedilum halterale group,1
invPPfor-SL12-051-sep,Polypedilum halterale group,1
invPPfor-SL12-057-sep,Polypedilum halterale group,1
invPPfor-SL12-066-sep,Polypedilum halterale group,1
invPPfor-SL12-070-sep,Polypedilum halterale group,2
invHDfor-SL12-007-sep,Polypedilum illinoense group,16
invHDfor-SL12-008-sep,Polypedilum illinoense group,17
invHDfor-SL12-010-sep,Polypedilum illinoense group,11
invHDfor-SL12-011-sep,Polypedilum illinoense group,16
invHDfor-SL12-014-sep,Polypedilum illinoense group,3
invHDfor-SL12-017-sep,Polypedilum illinoense group,17
invHDfor-SL12-018-sep,Polypedilum illinoense group,19
invHDfor-SL12-021-sep,Polypedilum illinoense group,1
invHDfor-SL12-022-sep,Polypedilum illinoense group,3
invHDfor-SL12-023-sep,Polypedilum illinoense group,32
invHDfor-SL12-030-sep,Polypedilum illinoense group,6
invHDfor-SL12-031-sep,Polypedilum illinoense group,3
invHDfor-SL12-033-sep,Polypedilum illinoense group,22
invHDfor-SL12-034-sep,Polypedilum illinoense group,8
invHDfor-SL12-044-sep,Polypedilum illinoense group,7
invHDfor-SL12-053-sep,Polypedilum illinoense group,6
invHDfor-SL12-057-sep,Polypedilum illinoense group,2
invHDfor-SL12-060-sep,Polypedilum illinoense group,51
invSWfor-SL12-011-sep,Polypedilum illinoense group,3
invSWfor-SL12-012-sep,Polypedilum illinoense group,2
invSWfor-SL12-018-sep,Polypedilum illinoense group,4
invSWfor-SL12-101-sep,Polypedilum illinoense group,7
invSWfor-SL12-121-sep,Polypedilum illinoense group,1
invSWfor-SL12-191-sep,Polypedilum illinoense group,1
invSWfor-SL12-444-sep,Polypedilum illinoense group,4
invSWfor-SL12-445-sep,Polypedilum illinoense group,13
invSWfor-SL12-978-sep,Polypedilum illinoense group,3
invPPfor-SL12-045-sep,Polypedilum scalaenum group,1
invPPfor-SL12-066-sep,Polypedilum scalaenum group,1
invPPfor-SL12-070-sep,Polypedilum scalaenum group,1
invSWfor-SL12-096-sep,Polypedilum sordens,1
invSWfor-SL12-444-sep,Polypedilum sordens,1
invPPfor-SL12-002-sep,Potamopyrgus antipodarum,6
invPPfor-SL12-006-sep,Potamopyrgus antipodarum,26
invPPfor-SL12-043-sep,Potamopyrgus antipodarum,36
invPPfor-SL12-056-sep,Potamopyrgus antipodarum,1
invPPfor-SL12-059-sep,Potamopyrgus antipodarum,12
invPPfor-SL12-012-sep,Potamothrix moldaviensis,1
invPPfor-SL12-022-sep,Potamothrix moldaviensis,1
invPPfor-SL12-025-sep,Potamothrix moldaviensis,1
invPPfor-SL12-016-sep,Potamothrix vejdovskyi,5
invPPfor-SL12-025-sep,Potamothrix vejdovskyi,3
invPPfor-SL12-029-sep,Potamothrix vejdovskyi,2
invHDfor-SL12-017-sep,Pristina,1
invHDfor-SL12-018-sep,Pristina,1
invHDfor-SL12-021-sep,Pristina,2
invHDfor-SL12-031-sep,Pristina,7
invSWfor-SL12-053-sep,Pristina,4
invSWfor-SL12-096-sep,Pristina,3
invSWfor-SL12-191-sep,Pristina,1
invHDfor-SL12-030-sep,Pristina jenkinae,1
invSWfor-SL12-191-sep,Pristina leidyi,2
invHDfor-SL12-023-sep,Pristina osborni,1
invPPfor-SL12-001-sep,Probezzia,1
invPPfor-SL12-006-sep,Probezzia,1
invPPfor-SL12-008-sep,Probezzia,1
invPPfor-SL12-018-sep,Probezzia,1
invPPfor-SL12-019-sep,Probezzia,1
invPPfor-SL12-032-sep,Probezzia,1
invPPfor-SL12-036-sep,Probezzia,1
invPPfor-SL12-052-sep,Probezzia,1
invPPfor-SL12-059-sep,Probezzia,1
invSWfor-SL12-191-sep,Probezzia,2
invPPfor-SL12-010-sep,Probythinella lacustris,1
invPPfor-SL12-015-sep,Probythinella lacustris,3
invPPfor-SL12-018-sep,Probythinella lacustris,2
invPPfor-SL12-020-sep,Probythinella lacustris,1
invPPfor-SL12-056-sep,Probythinella lacustris,1
invSWfor-SL12-130-sep,Probythinella lacustris,2
invHDfor-SL12-011-sep,Procladius,1
invPPfor-SL12-002-sep,Procladius,7
invPPfor-SL12-004-sep,Procladius,9
invPPfor-SL12-005-sep,Procladius,2
invPPfor-SL12-006-sep,Procladius,32
invPPfor-SL12-008-sep,Procladius,2
invPPfor-SL12-009-sep,Procladius,5
invPPfor-SL12-010-sep,Procladius,4
invPPfor-SL12-011-sep,Procladius,2
invPPfor-SL12-012-sep,Procladius,13
invPPfor-SL12-013-sep,Procladius,4
invPPfor-SL12-014-sep,Procladius,8
invPPfor-SL12-015-sep,Procladius,6
invPPfor-SL12-016-sep,Procladius,4
invPPfor-SL12-017-sep,Procladius,8
invPPfor-SL12-019-sep,Procladius,5
invPPfor-SL12-020-sep,Procladius,1
invPPfor-SL12-022-sep,Procladius,4
invPPfor-SL12-023-sep,Procladius,1
invPPfor-SL12-024-sep,Procladius,6
invPPfor-SL12-025-sep,Procladius,2
invPPfor-SL12-030-sep,Procladius,3
invPPfor-SL12-031-sep,Procladius,13
invPPfor-SL12-036-sep,Procladius,1
invPPfor-SL12-040-sep,Procladius,8
invPPfor-SL12-042-sep,Procladius,1
invPPfor-SL12-043-sep,Procladius,17
invPPfor-SL12-044-sep,Procladius,6
invPPfor-SL12-047-sep,Procladius,6
invPPfor-SL12-048-sep,Procladius,10
invPPfor-SL12-049-sep,Procladius,3
invPPfor-SL12-051-sep,Procladius,3
invPPfor-SL12-052-sep,Procladius,8
invPPfor-SL12-053-sep,Procladius,1
invPPfor-SL12-056-sep,Procladius,10
invPPfor-SL12-057-sep,Procladius,1
invPPfor-SL12-059-sep,Procladius,3
invPPfor-SL12-060-sep,Procladius,3
invPPfor-SL12-061-sep,Procladius,2
invPPfor-SL12-062-sep,Procladius,11
invPPfor-SL12-066-sep,Procladius,2
invPPfor-SL12-070-sep,Procladius,5
invSWfor-SL12-012-sep,Procladius,14
invSWfor-SL12-053-sep,Procladius,9
invSWfor-SL12-096-sep,Procladius,2
invSWfor-SL12-101-sep,Procladius,6
invSWfor-SL12-121-sep,Procladius,4
invSWfor-SL12-130-sep,Procladius,1
invSWfor-SL12-191-sep,Procladius,7
invSWfor-SL12-292-sep,Procladius,14
invSWfor-SL12-978-sep,Procladius,4
invHDfor-SL12-033-sep,Procloeon,1
invSWfor-SL12-012-sep,Procloeon,7
invSWfor-SL12-018-sep,Procloeon,14
invSWfor-SL12-053-sep,Procloeon,9
invSWfor-SL12-060-sep,Procloeon,14
invSWfor-SL12-101-sep,Procloeon,2
invSWfor-SL12-130-sep,Procloeon,8
invSWfor-SL12-191-sep,Procloeon,2
invSWfor-SL12-978-sep,Procloeon,39
invSWfor-SL12-012-sep,Promenetus exacuous,3
invSWfor-SL12-018-sep,Promenetus exacuous,20
invSWfor-SL12-096-sep,Promenetus exacuous,6
invSWfor-SL12-121-sep,Promenetus exacuous,6
invSWfor-SL12-191-sep,Promenetus exacuous,5
invHDfor-SL12-022-sep,Prostoma,1
invHDfor-SL12-044-sep,Prostoma,1
invPPfor-SL12-006-sep,Prostoma,1
invPPfor-SL12-024-sep,Prostoma,1
invPPfor-SL12-025-sep,Prostoma,1
invSWfor-SL12-978-sep,Prostoma,4
invHDfor-SL12-018-sep,Psectrocladius,1
invSWfor-SL12-053-sep,Psectrocladius,2
invSWfor-SL12-096-sep,Psectrocladius,1
invSWfor-SL12-121-sep,Psectrocladius,1
invSWfor-SL12-096-sep,Pseudochironomus,46
invSWfor-SL12-191-sep,Pseudochironomus,1
invSWfor-SL12-012-sep,Ranatra,4
invSWfor-SL12-096-sep,Ranatra,2
invSWfor-SL12-121-sep,Ranatra,1
invSWfor-SL12-096-sep,Ranatra fusca,2
invSWfor-SL12-101-sep,Ranatra fusca,1
invSWfor-SL12-191-sep,Ranatra fusca,5
invSWfor-SL12-096-sep,Ranatra nigra,2
invSWfor-SL12-101-sep,Ranatra nigra,1
invSWfor-SL12-191-sep,Ranatra nigra,1
invSWfor-SL12-978-sep,Ranatra nigra,5
invHDfor-SL12-008-sep,Rheotanytarsus,5
invHDfor-SL12-014-sep,Rheotanytarsus,294
invHDfor-SL12-017-sep,Rheotanytarsus,6
invHDfor-SL12-018-sep,Rheotanytarsus,1
invHDfor-SL12-021-sep,Rheotanytarsus,1
invHDfor-SL12-022-sep,Rheotanytarsus,617
invHDfor-SL12-023-sep,Rheotanytarsus,71
invHDfor-SL12-030-sep,Rheotanytarsus,99
invHDfor-SL12-033-sep,Rheotanytarsus,4
invHDfor-SL12-034-sep,Rheotanytarsus,5
invHDfor-SL12-044-sep,Rheotanytarsus,4
invHDfor-SL12-053-sep,Rheotanytarsus,6
invHDfor-SL12-057-sep,Rheotanytarsus,3
invHDfor-SL12-060-sep,Rheotanytarsus,21
invPPfor-SL12-050-sep,Rheotanytarsus,1
invSWfor-SL12-012-sep,Rheotanytarsus,17
invSWfor-SL12-053-sep,Rheotanytarsus,1
invSWfor-SL12-060-sep,Rheotanytarsus,5
invSWfor-SL12-063-sep,Rheotanytarsus,2
invSWfor-SL12-101-sep,Rheotanytarsus,8
invSWfor-SL12-292-sep,Rheotanytarsus,1
invSWfor-SL12-557-sep,Rheotanytarsus,79
invSWfor-SL12-978-sep,Rheotanytarsus,1
invSWfor-SL12-096-sep,Rheumatobates,2
invPPfor-SL12-004-sep,Rhyacodrilus,1
invPPfor-SL12-066-sep,Rhyacodrilus,2
invHDfor-SL12-008-sep,Ripistes parasita,72
invHDfor-SL12-010-sep,Ripistes parasita,1
invHDfor-SL12-011-sep,Ripistes parasita,14
invHDfor-SL12-014-sep,Ripistes parasita,8
invHDfor-SL12-017-sep,Ripistes parasita,9
invHDfor-SL12-018-sep,Ripistes parasita,4
invHDfor-SL12-021-sep,Ripistes parasita,235
invHDfor-SL12-022-sep,Ripistes parasita,19
invHDfor-SL12-023-sep,Ripistes parasita,13
invHDfor-SL12-030-sep,Ripistes parasita,170
invHDfor-SL12-031-sep,Ripistes parasita,358
invHDfor-SL12-033-sep,Ripistes parasita,16
invHDfor-SL12-034-sep,Ripistes parasita,89
invHDfor-SL12-044-sep,Ripistes parasita,31
invHDfor-SL12-053-sep,Ripistes parasita,4
invHDfor-SL12-057-sep,Ripistes parasita,77
invHDfor-SL12-060-sep,Ripistes parasita,110
invSWfor-SL12-012-sep,Ripistes parasita,1
invSWfor-SL12-063-sep,Ripistes parasita,4
invSWfor-SL12-096-sep,Ripistes parasita,5
invSWfor-SL12-121-sep,Ripistes parasita,164
invSWfor-SL12-130-sep,Ripistes parasita,2
invSWfor-SL12-292-sep,Ripistes parasita,8
invSWfor-SL12-978-sep,Ripistes parasita,778
invSWfor-SL12-121-sep,Sciomyzidae,1
invSWfor-SL12-445-sep,Sciomyzidae,2
invSWfor-SL12-096-sep,Sepedon,1
invSWfor-SL12-060-sep,Sigara,1
invSWfor-SL12-121-sep,Sigara alternata,3
invSWfor-SL12-121-sep,Sigara bicoloripennis,1
invSWfor-SL12-096-sep,Sigara mullettensis,2
invSWfor-SL12-191-sep,Sigara solensis,1
invHDfor-SL12-030-sep,Slavina appendiculata,1
invHDfor-SL12-057-sep,Slavina appendiculata,2
invPPfor-SL12-007-sep,Slavina appendiculata,1
invSWfor-SL12-012-sep,Slavina appendiculata,10
invSWfor-SL12-191-sep,Slavina appendiculata,3
invSWfor-SL12-191-sep,Sparbarus lacustris,1
invPPfor-SL12-007-sep,Sphaerium,1
invPPfor-SL12-018-sep,Sphaerium simile,2
invPPfor-SL12-001-sep,Sphaerium striatinum,4
invPPfor-SL12-010-sep,Sphaerium striatinum,1
invPPfor-SL12-018-sep,Sphaerium striatinum,1
invPPfor-SL12-039-sep,Sphaerium striatinum,4
invSWfor-SL12-121-sep,Sphaeromias,5
invPPfor-SL12-004-sep,Spirosperma ferox,19
invPPfor-SL12-006-sep,Spirosperma ferox,24
invPPfor-SL12-007-sep,Spirosperma ferox,3
invPPfor-SL12-009-sep,Spirosperma ferox,5
invPPfor-SL12-014-sep,Spirosperma ferox,5
invPPfor-SL12-015-sep,Spirosperma ferox,5
invPPfor-SL12-016-sep,Spirosperma ferox,1
invPPfor-SL12-017-sep,Spirosperma ferox,11
invPPfor-SL12-023-sep,Spirosperma ferox,3
invPPfor-SL12-024-sep,Spirosperma ferox,1
invPPfor-SL12-025-sep,Spirosperma ferox,1
invPPfor-SL12-035-sep,Spirosperma ferox,18
invPPfor-SL12-043-sep,Spirosperma ferox,19
invPPfor-SL12-046-sep,Spirosperma ferox,5
invPPfor-SL12-051-sep,Spirosperma ferox,7
invPPfor-SL12-056-sep,Spirosperma ferox,5
invPPfor-SL12-060-sep,Spirosperma ferox,1
invPPfor-SL12-061-sep,Spirosperma ferox,3
invPPfor-SL12-066-sep,Spirosperma ferox,9
invPPfor-SL12-070-sep,Spirosperma ferox,1
invSWfor-SL12-012-sep,Spirosperma ferox,3
invSWfor-SL12-096-sep,Spirosperma ferox,7
invSWfor-SL12-292-sep,Spirosperma ferox,1
invPPfor-SL12-034-sep,Staphylinidae,1
invPPfor-SL12-022-sep,Stempellina,1
invPPfor-SL12-050-sep,Stempellina,3
invSWfor-SL12-011-sep,Stempellina,1
invSWfor-SL12-053-sep,Stempellina,2
invSWfor-SL12-063-sep,Stempellina,3
invSWfor-SL12-292-sep,Stempellina,1
invSWfor-SL12-978-sep,Stempellina,2
invHDfor-SL12-060-sep,Stenacron interpunctatum,2
invHDfor-SL12-031-sep,Stenelmis,1
invHDfor-SL12-011-sep,Stenelmis bicarinata,1
invHDfor-SL12-044-sep,Stenelmis bicarinata,1
invHDfor-SL12-060-sep,Stenonema femoratum,3
invSWfor-SL12-053-sep,Stenonema femoratum,1
invPPfor-SL12-022-sep,Stictochironomus,6
invPPfor-SL12-023-sep,Stictochironomus,5
invPPfor-SL12-024-sep,Stictochironomus,1
invPPfor-SL12-029-sep,Stictochironomus,2
invPPfor-SL12-034-sep,Stictochironomus,1
invPPfor-SL12-050-sep,Stictochironomus,5
invPPfor-SL12-051-sep,Stictochironomus,1
invPPfor-SL12-053-sep,Stictochironomus,1
invPPfor-SL12-057-sep,Stictochironomus,13
invPPfor-SL12-061-sep,Stictochironomus,5
invPPfor-SL12-063-sep,Stictochironomus,3
invPPfor-SL12-070-sep,Stictochironomus,5
invSWfor-SL12-063-sep,Stictochironomus,2
invSWfor-SL12-292-sep,Stictochironomus,2
invHDfor-SL12-057-sep,Stilocladius,1
invHDfor-SL12-010-sep,Stylaria lacustris,1
invHDfor-SL12-017-sep,Stylaria lacustris,2
invHDfor-SL12-018-sep,Stylaria lacustris,2
invHDfor-SL12-021-sep,Stylaria lacustris,7
invHDfor-SL12-023-sep,Stylaria lacustris,1
invHDfor-SL12-030-sep,Stylaria lacustris,21
invHDfor-SL12-031-sep,Stylaria lacustris,17
invHDfor-SL12-034-sep,Stylaria lacustris,23
invHDfor-SL12-060-sep,Stylaria lacustris,21
invPPfor-SL12-050-sep,Stylaria lacustris,1
invSWfor-SL12-011-sep,Stylaria lacustris,14
invSWfor-SL12-012-sep,Stylaria lacustris,57
invSWfor-SL12-018-sep,Stylaria lacustris,157
invSWfor-SL12-053-sep,Stylaria lacustris,235
invSWfor-SL12-060-sep,Stylaria lacustris,2
invSWfor-SL12-096-sep,Stylaria lacustris,118
invSWfor-SL12-101-sep,Stylaria lacustris,110
invSWfor-SL12-121-sep,Stylaria lacustris,338
invSWfor-SL12-130-sep,Stylaria lacustris,101
invSWfor-SL12-191-sep,Stylaria lacustris,23
invSWfor-SL12-444-sep,Stylaria lacustris,14
invSWfor-SL12-445-sep,Stylaria lacustris,161
invSWfor-SL12-978-sep,Stylaria lacustris,50
invHDfor-SL12-022-sep,Tanypodinae,2
invPPfor-SL12-012-sep,Tanypodinae,1
invPPfor-SL12-018-sep,Tanypodinae,1
invSWfor-SL12-053-sep,Tanypodinae,50
invSWfor-SL12-096-sep,Tanypodinae,57
invSWfor-SL12-101-sep,Tanypodinae,1
invSWfor-SL12-121-sep,Tanypodinae,35
invSWfor-SL12-130-sep,Tanypodinae,18
invSWfor-SL12-444-sep,Tanypodinae,1
invSWfor-SL12-121-sep,Tanypus,2
invHDfor-SL12-010-sep,Tanytarsini,1
invHDfor-SL12-014-sep,Tanytarsini,2
invHDfor-SL12-017-sep,Tanytarsini,1
invHDfor-SL12-022-sep,Tanytarsini,1
invHDfor-SL12-030-sep,Tanytarsini,1
invHDfor-SL12-033-sep,Tanytarsini,1
invHDfor-SL12-044-sep,Tanytarsini,1
invHDfor-SL12-057-sep,Tanytarsini,1
invHDfor-SL12-060-sep,Tanytarsini,1
invPPfor-SL12-022-sep,Tanytarsini,1
invSWfor-SL12-011-sep,Tanytarsini,1
invSWfor-SL12-053-sep,Tanytarsini,31
invSWfor-SL12-096-sep,Tanytarsini,51
invSWfor-SL12-101-sep,Tanytarsini,46
invSWfor-SL12-121-sep,Tanytarsini,360
invSWfor-SL12-130-sep,Tanytarsini,15
invSWfor-SL12-191-sep,Tanytarsini,51
invHDfor-SL12-008-sep,Tanytarsus,3
invHDfor-SL12-014-sep,Tanytarsus,2
invHDfor-SL12-030-sep,Tanytarsus,3
invHDfor-SL12-031-sep,Tanytarsus,3
invHDfor-SL12-057-sep,Tanytarsus,2
invPPfor-SL12-004-sep,Tanytarsus,2
invPPfor-SL12-012-sep,Tanytarsus,3
invPPfor-SL12-017-sep,Tanytarsus,3
invPPfor-SL12-023-sep,Tanytarsus,1
invPPfor-SL12-050-sep,Tanytarsus,2
invPPfor-SL12-052-sep,Tanytarsus,1
invPPfor-SL12-053-sep,Tanytarsus,1
invPPfor-SL12-057-sep,Tanytarsus,1
invPPfor-SL12-062-sep,Tanytarsus,1
invPPfor-SL12-063-sep,Tanytarsus,1
invPPfor-SL12-066-sep,Tanytarsus,1
invSWfor-SL12-011-sep,Tanytarsus,9
invSWfor-SL12-012-sep,Tanytarsus,1
invSWfor-SL12-053-sep,Tanytarsus,3
invSWfor-SL12-063-sep,Tanytarsus,7
invSWfor-SL12-101-sep,Tanytarsus,24
invSWfor-SL12-121-sep,Tanytarsus,4
invSWfor-SL12-130-sep,Tanytarsus,7
invSWfor-SL12-191-sep,Tanytarsus,20
invSWfor-SL12-292-sep,Tanytarsus,12
invSWfor-SL12-978-sep,Tanytarsus,3
invSWfor-SL12-096-sep,Theromyzon bifarium,1
invHDfor-SL12-060-sep,Thienemanniella,14
invSWfor-SL12-011-sep,Thienemanniella,1
invSWfor-SL12-053-sep,Thienemanniella,1
invSWfor-SL12-121-sep,Thienemanniella,2
invSWfor-SL12-130-sep,Thienemanniella,3
invSWfor-SL12-978-sep,Thienemanniella,51
invHDfor-SL12-011-sep,Thienemanniella lobapodema,2
invHDfor-SL12-023-sep,Thienemanniella lobapodema,5
invHDfor-SL12-031-sep,Thienemanniella lobapodema,1
invHDfor-SL12-033-sep,Thienemanniella lobapodema,2
invSWfor-SL12-011-sep,Thienemanniella lobapodema,2
invSWfor-SL12-012-sep,Thienemanniella lobapodema,3
invSWfor-SL12-053-sep,Thienemanniella lobapodema,1
invSWfor-SL12-060-sep,Thienemanniella lobapodema,5
invSWfor-SL12-096-sep,Thienemanniella lobapodema,1
invSWfor-SL12-121-sep,Thienemanniella lobapodema,2
invSWfor-SL12-130-sep,Thienemanniella lobapodema,4
invSWfor-SL12-444-sep,Thienemanniella lobapodema,2
invSWfor-SL12-445-sep,Thienemanniella lobapodema,2
invSWfor-SL12-978-sep,Thienemanniella lobapodema,43
invHDfor-SL12-008-sep,Thienemanniella xena,1
invHDfor-SL12-031-sep,Thienemanniella xena,1
invSWfor-SL12-012-sep,Thienemanniella xena,1
invSWfor-SL12-978-sep,Thienemanniella xena,1
invHDfor-SL12-011-sep,Thienemannimyia group,1
invHDfor-SL12-031-sep,Thienemannimyia group,1
invHDfor-SL12-057-sep,Thienemannimyia group,1
invSWfor-SL12-101-sep,Thienemannimyia group,1
invSWfor-SL12-053-sep,Tipulidae,1
invSWfor-SL12-096-sep,Triaenodes flavescens,3
invHDfor-SL12-022-sep,Tribelos,3
invPPfor-SL12-008-sep,Tribelos,7
invPPfor-SL12-012-sep,Tribelos,13
invPPfor-SL12-016-sep,Tribelos,1
invPPfor-SL12-030-sep,Tribelos,3
invPPfor-SL12-048-sep,Tribelos,8
invPPfor-SL12-056-sep,Tribelos,1
invPPfor-SL12-066-sep,Tribelos,1
invSWfor-SL12-053-sep,Tribelos,1
invPPfor-SL12-050-sep,Tribelos atrum,1
invHDfor-SL12-014-sep,Tribelos jucundum,2
invHDfor-SL12-022-sep,Tribelos jucundum,9
invPPfor-SL12-004-sep,Tribelos jucundum,1
invPPfor-SL12-005-sep,Tribelos jucundum,1
invPPfor-SL12-009-sep,Tribelos jucundum,1
invPPfor-SL12-012-sep,Tribelos jucundum,29
invPPfor-SL12-014-sep,Tribelos jucundum,18
invPPfor-SL12-015-sep,Tribelos jucundum,2
invPPfor-SL12-016-sep,Tribelos jucundum,3
invPPfor-SL12-018-sep,Tribelos jucundum,1
invPPfor-SL12-020-sep,Tribelos jucundum,1
invPPfor-SL12-022-sep,Tribelos jucundum,1
invPPfor-SL12-023-sep,Tribelos jucundum,2
invPPfor-SL12-024-sep,Tribelos jucundum,10
invPPfor-SL12-025-sep,Tribelos jucundum,1
invPPfor-SL12-026-sep,Tribelos jucundum,1
invPPfor-SL12-030-sep,Tribelos jucundum,2
invPPfor-SL12-032-sep,Tribelos jucundum,22
invPPfor-SL12-036-sep,Tribelos jucundum,2
invPPfor-SL12-044-sep,Tribelos jucundum,2
invPPfor-SL12-047-sep,Tribelos jucundum,1
invPPfor-SL12-048-sep,Tribelos jucundum,5
invPPfor-SL12-052-sep,Tribelos jucundum,5
invPPfor-SL12-056-sep,Tribelos jucundum,2
invPPfor-SL12-060-sep,Tribelos jucundum,2
invPPfor-SL12-062-sep,Tribelos jucundum,1
invPPfor-SL12-066-sep,Tribelos jucundum,4
invPPfor-SL12-070-sep,Tribelos jucundum,7
invSWfor-SL12-012-sep,Trichocorixa borealis,3
invSWfor-SL12-018-sep,Trichocorixa borealis,105
invSWfor-SL12-053-sep,Trichocorixa borealis,498
invSWfor-SL12-121-sep,Trichocorixa borealis,7
invSWfor-SL12-130-sep,Trichocorixa borealis,1
invSWfor-SL12-018-sep,Trichocorixa sexcincta,6
invSWfor-SL12-053-sep,Trichocorixa sexcincta,14
invSWfor-SL12-060-sep,Trichocorixa sexcincta,1
invSWfor-SL12-096-sep,Trichocorixa sexcincta,3
invSWfor-SL12-121-sep,Trichocorixa sexcincta,1366
invSWfor-SL12-191-sep,Trichocorixa sexcincta,3
invSWfor-SL12-444-sep,Trichocorixa sexcincta,1
invSWfor-SL12-445-sep,Trichocorixa sexcincta,2
invHDfor-SL12-007-sep,Trichoptera,1
invHDfor-SL12-033-sep,Trichoptera,1
invPPfor-SL12-003-sep,Trichoptera,1
invPPfor-SL12-017-sep,Trichoptera,1
invSWfor-SL12-101-sep,Trichoptera,1
invSWfor-SL12-445-sep,Trichoptera,4
invPPfor-SL12-046-sep,Tubificinae,1
invPPfor-SL12-001-sep,Tubificinae W/O setal hair chaeta,22
invPPfor-SL12-002-sep,Tubificinae W/O setal hair chaeta,213
invPPfor-SL12-003-sep,Tubificinae W/O setal hair chaeta,1
invPPfor-SL12-004-sep,Tubificinae W/O setal hair chaeta,61
invPPfor-SL12-005-sep,Tubificinae W/O setal hair chaeta,1
invPPfor-SL12-006-sep,Tubificinae W/O setal hair chaeta,93
invPPfor-SL12-007-sep,Tubificinae W/O setal hair chaeta,1
invPPfor-SL12-008-sep,Tubificinae W/O setal hair chaeta,8
invPPfor-SL12-009-sep,Tubificinae W/O setal hair chaeta,73
invPPfor-SL12-010-sep,Tubificinae W/O setal hair chaeta,41
invPPfor-SL12-011-sep,Tubificinae W/O setal hair chaeta,10
invPPfor-SL12-012-sep,Tubificinae W/O setal hair chaeta,50
invPPfor-SL12-013-sep,Tubificinae W/O setal hair chaeta,44
invPPfor-SL12-014-sep,Tubificinae W/O setal hair chaeta,36
invPPfor-SL12-015-sep,Tubificinae W/O setal hair chaeta,76
invPPfor-SL12-016-sep,Tubificinae W/O setal hair chaeta,87
invPPfor-SL12-017-sep,Tubificinae W/O setal hair chaeta,10
invPPfor-SL12-018-sep,Tubificinae W/O setal hair chaeta,20
invPPfor-SL12-019-sep,Tubificinae W/O setal hair chaeta,7
invPPfor-SL12-020-sep,Tubificinae W/O setal hair chaeta,17
invPPfor-SL12-022-sep,Tubificinae W/O setal hair chaeta,16
invPPfor-SL12-023-sep,Tubificinae W/O setal hair chaeta,22
invPPfor-SL12-024-sep,Tubificinae W/O setal hair chaeta,18
invPPfor-SL12-025-sep,Tubificinae W/O setal hair chaeta,167
invPPfor-SL12-026-sep,Tubificinae W/O setal hair chaeta,8
invPPfor-SL12-029-sep,Tubificinae W/O setal hair chaeta,4
invPPfor-SL12-030-sep,Tubificinae W/O setal hair chaeta,16
invPPfor-SL12-031-sep,Tubificinae W/O setal hair chaeta,46
invPPfor-SL12-032-sep,Tubificinae W/O setal hair chaeta,13
invPPfor-SL12-033-sep,Tubificinae W/O setal hair chaeta,6
invPPfor-SL12-034-sep,Tubificinae W/O setal hair chaeta,3
invPPfor-SL12-035-sep,Tubificinae W/O setal hair chaeta,197
invPPfor-SL12-036-sep,Tubificinae W/O setal hair chaeta,43
invPPfor-SL12-039-sep,Tubificinae W/O setal hair chaeta,1
invPPfor-SL12-040-sep,Tubificinae W/O setal hair chaeta,13
invPPfor-SL12-041-sep,Tubificinae W/O setal hair chaeta,3
invPPfor-SL12-042-sep,Tubificinae W/O setal hair chaeta,31
invPPfor-SL12-043-sep,Tubificinae W/O setal hair chaeta,39
invPPfor-SL12-044-sep,Tubificinae W/O setal hair chaeta,42
invPPfor-SL12-045-sep,Tubificinae W/O setal hair chaeta,14
invPPfor-SL12-046-sep,Tubificinae W/O setal hair chaeta,131
invPPfor-SL12-047-sep,Tubificinae W/O setal hair chaeta,77
invPPfor-SL12-048-sep,Tubificinae W/O setal hair chaeta,12
invPPfor-SL12-049-sep,Tubificinae W/O setal hair chaeta,15
invPPfor-SL12-050-sep,Tubificinae W/O setal hair chaeta,18
invPPfor-SL12-051-sep,Tubificinae W/O setal hair chaeta,37
invPPfor-SL12-052-sep,Tubificinae W/O setal hair chaeta,74
invPPfor-SL12-053-sep,Tubificinae W/O setal hair chaeta,1
invPPfor-SL12-054-sep,Tubificinae W/O setal hair chaeta,11
invPPfor-SL12-056-sep,Tubificinae W/O setal hair chaeta,137
invPPfor-SL12-057-sep,Tubificinae W/O setal hair chaeta,1
invPPfor-SL12-058-sep,Tubificinae W/O setal hair chaeta,3
invPPfor-SL12-059-sep,Tubificinae W/O setal hair chaeta,12
invPPfor-SL12-060-sep,Tubificinae W/O setal hair chaeta,14
invPPfor-SL12-061-sep,Tubificinae W/O setal hair chaeta,2
invPPfor-SL12-062-sep,Tubificinae W/O setal hair chaeta,59
invPPfor-SL12-063-sep,Tubificinae W/O setal hair chaeta,3
invPPfor-SL12-066-sep,Tubificinae W/O setal hair chaeta,102
invPPfor-SL12-070-sep,Tubificinae W/O setal hair chaeta,21
invPPfor-SL12-073-sep,Tubificinae W/O setal hair chaeta,5
invSWfor-SL12-053-sep,Tubificinae W/O setal hair chaeta,17
invSWfor-SL12-096-sep,Tubificinae W/O setal hair chaeta,5
invSWfor-SL12-101-sep,Tubificinae W/O setal hair chaeta,1
invSWfor-SL12-121-sep,Tubificinae W/O setal hair chaeta,45
invSWfor-SL12-191-sep,Tubificinae W/O setal hair chaeta,2
invSWfor-SL12-292-sep,Tubificinae W/O setal hair chaeta,22
invSWfor-SL12-557-sep,Tubificinae W/O setal hair chaeta,1
invSWfor-SL12-978-sep,Tubificinae W/O setal hair chaeta,1
invPPfor-SL12-001-sep,Tubificinae with setal hair chaeta,3
invPPfor-SL12-002-sep,Tubificinae with setal hair chaeta,1
invPPfor-SL12-004-sep,Tubificinae with setal hair chaeta,1
invPPfor-SL12-006-sep,Tubificinae with setal hair chaeta,1
invPPfor-SL12-008-sep,Tubificinae with setal hair chaeta,2
invPPfor-SL12-009-sep,Tubificinae with setal hair chaeta,5
invPPfor-SL12-012-sep,Tubificinae with setal hair chaeta,13
invPPfor-SL12-013-sep,Tubificinae with setal hair chaeta,8
invPPfor-SL12-014-sep,Tubificinae with setal hair chaeta,1
invPPfor-SL12-015-sep,Tubificinae with setal hair chaeta,1
invPPfor-SL12-016-sep,Tubificinae with setal hair chaeta,15
invPPfor-SL12-017-sep,Tubificinae with setal hair chaeta,2
invPPfor-SL12-020-sep,Tubificinae with setal hair chaeta,1
invPPfor-SL12-022-sep,Tubificinae with setal hair chaeta,1
invPPfor-SL12-023-sep,Tubificinae with setal hair chaeta,2
invPPfor-SL12-025-sep,Tubificinae with setal hair chaeta,12
invPPfor-SL12-029-sep,Tubificinae with setal hair chaeta,2
invPPfor-SL12-031-sep,Tubificinae with setal hair chaeta,4
invPPfor-SL12-042-sep,Tubificinae with setal hair chaeta,2
invPPfor-SL12-043-sep,Tubificinae with setal hair chaeta,2
invPPfor-SL12-044-sep,Tubificinae with setal hair chaeta,8
invPPfor-SL12-045-sep,Tubificinae with setal hair chaeta,1
invPPfor-SL12-046-sep,Tubificinae with setal hair chaeta,19
invPPfor-SL12-047-sep,Tubificinae with setal hair chaeta,3
invPPfor-SL12-051-sep,Tubificinae with setal hair chaeta,7
invPPfor-SL12-052-sep,Tubificinae with setal hair chaeta,1
invPPfor-SL12-056-sep,Tubificinae with setal hair chaeta,10
invPPfor-SL12-060-sep,Tubificinae with setal hair chaeta,1
invPPfor-SL12-062-sep,Tubificinae with setal hair chaeta,3
invPPfor-SL12-070-sep,Tubificinae with setal hair chaeta,1
invSWfor-SL12-012-sep,Tubificinae with setal hair chaeta,3
invSWfor-SL12-053-sep,Tubificinae with setal hair chaeta,5
invSWfor-SL12-101-sep,Tubificinae with setal hair chaeta,1
invSWfor-SL12-121-sep,Tubificinae with setal hair chaeta,5
invSWfor-SL12-292-sep,Tubificinae with setal hair chaeta,6
invPPfor-SL12-050-sep,Uncinais uncinata,2
invPPfor-SL12-001-sep,Unionicola,2
invPPfor-SL12-010-sep,Unionicola,1
invPPfor-SL12-012-sep,Unionicola,2
invPPfor-SL12-014-sep,Unionicola,2
invPPfor-SL12-022-sep,Unionicola,1
invPPfor-SL12-032-sep,Unionicola,1
invPPfor-SL12-060-sep,Unionicola,1
invPPfor-SL12-062-sep,Unionicola,1
invPPfor-SL12-070-sep,Unionicola,1
invSWfor-SL12-018-sep,Unionicola,1
invSWfor-SL12-063-sep,Unionicola,1
invSWfor-SL12-096-sep,Unionicola,122
invSWfor-SL12-101-sep,Unionicola,15
invSWfor-SL12-121-sep,Unionicola,3
invSWfor-SL12-191-sep,Unionicola,1
invSWfor-SL12-292-sep,Unionicola,1
invSWfor-SL12-978-sep,Unionicola,3
invHDfor-SL12-007-sep,Valvata piscinalis,1
invHDfor-SL12-018-sep,Valvata piscinalis,2
invPPfor-SL12-007-sep,Valvata piscinalis,1
invPPfor-SL12-024-sep,Valvata piscinalis,1
invPPfor-SL12-060-sep,Valvata piscinalis,1
invPPfor-SL12-066-sep,Valvata piscinalis,1
invSWfor-SL12-018-sep,Valvata piscinalis,3
invSWfor-SL12-096-sep,Valvata piscinalis,1
invSWfor-SL12-292-sep,Valvata piscinalis,1
invSWfor-SL12-444-sep,Valvata piscinalis,58
invPPfor-SL12-004-sep,Valvata sincera,2
invPPfor-SL12-005-sep,Valvata sincera,1
invPPfor-SL12-013-sep,Valvata sincera,1
invPPfor-SL12-047-sep,Valvata sincera,1
invPPfor-SL12-066-sep,Valvata sincera,1
invSWfor-SL12-121-sep,Valvata sincera,11
invSWfor-SL12-130-sep,Valvata sincera,5
invSWfor-SL12-191-sep,Valvata sincera,6
invSWfor-SL12-018-sep,Valvata tricarinata,2
invSWfor-SL12-096-sep,Valvata tricarinata,13
invSWfor-SL12-121-sep,Valvata tricarinata,8
invSWfor-SL12-130-sep,Valvata tricarinata,2
invSWfor-SL12-978-sep,Valvata tricarinata,2
invPPfor-SL12-004-sep,Valvatidae,1
invSWfor-SL12-053-sep,Valvatidae,3
invSWfor-SL12-063-sep,Valvatidae,1
invPPfor-SL12-012-sep,Vejdovskyella comata,1
invSWfor-SL12-557-sep,Vejdovskyella intermedia,2
invSWfor-SL12-011-sep,Zygoptera,1
invSWfor-SL12-060-sep,Zygoptera,1
